0.013510 0.030200 -0.051940 -0.195100 -0.004469 0.980800 24
0.059700 0.085840 0.091110 0.318000 -0.805900 0.499300 25
0.059250 -0.007670 -0.034490 0.913000 0.004151 -0.407900 24
0.088430 0.098660 -0.090110 0.393100 -0.785900 -0.477400 25
-0.113990 -0.423450 0.129180 0.000000 -1.000000 0.000000 24
0.047460 -0.423450 -0.148570 0.000000 0.996400 0.084650 24
-0.020780 0.006030 -0.065910 0.146800 0.012190 0.989100 24
0.067020 -0.423450 -0.039510 -0.023770 0.998900 -0.041570 24
-0.028960 0.253300 0.181840 -0.089660 0.102300 0.990700 25
-0.035070 0.268760 0.179000 -0.180300 0.130900 0.974900 25
0.025410 -0.009610 -0.046130 -0.083770 0.989600 0.116900 24
-0.135350 0.285410 -0.118480 -0.733700 0.379700 -0.563500 25
-0.152530 0.296200 -0.088810 -0.793400 0.393600 -0.464300 25
0.136060 -0.354320 -0.107800 0.891000 0.052030 -0.451100 24
-0.089870 0.381210 0.072160 -0.466100 0.811400 0.352700 25
0.053580 0.383280 0.099630 0.258600 0.791900 0.553200 25
-0.126510 -0.423450 0.134780 0.316500 0.926100 -0.205100 24
-0.050880 0.376330 -0.110470 -0.234600 0.790900 -0.565200 25
0.067710 -0.340320 -0.142720 -0.000000 1.000000 -0.000215 24
-0.040290 0.117760 0.030660 -0.301000 -0.921200 0.246600 24
-0.068500 -0.423450 -0.144970 0.000000 -1.000000 0.000000 24
0.002710 0.422900 -0.003050 0.065910 0.994800 -0.078110 25
0.038680 -0.003860 -0.055490 -0.277300 0.732900 0.621200 24
0.073860 -0.423450 0.095970 0.000000 -1.000000 0.000000 24
0.063320 -0.423450 0.096980 0.000000 -1.000000 0.000000 24
0.109430 -0.340320 -0.071160 0.000000 -1.000000 0.000000 24
0.040050 0.061290 -0.048040 0.228700 -0.924900 -0.303700 25
-0.056300 0.405000 0.053190 -0.309900 0.923000 0.228100 25
-0.063280 0.076500 -0.073010 -0.366200 -0.798400 -0.478000 25
0.116770 0.347410 -0.090540 0.639500 0.635600 -0.432500 25
0.131370 0.329900 -0.093400 0.680800 0.517700 -0.518200 25
0.045640 0.304220 -0.167030 0.286900 0.371500 -0.883000 25
0.053980 0.297400 -0.166610 0.286900 0.371500 -0.883000 25
-0.116320 0.191590 -0.138420 -0.602500 -0.141300 -0.785500 25
0.031110 0.374490 -0.120880 0.246100 0.792500 -0.558000 25
-0.010960 0.108380 0.045850 -0.064690 -0.924400 0.375900 24
0.142580 -0.345190 -0.090930 -0.964800 -0.072130 0.252900 24
0.165810 0.263790 0.077110 0.911500 0.110200 0.396200 25
0.166620 0.284070 0.068240 0.907200 0.175300 0.382500 25
-0.049370 0.115250 0.012030 -0.361000 -0.926900 0.102900 24
0.160340 0.271110 -0.087820 0.917100 0.146900 -0.370500 25
0.174950 0.239270 -0.063410 0.914800 -0.143900 -0.377300 25
-0.044300 0.167890 -0.167710 -0.208200 -0.387600 -0.898000 25
-0.031610 0.163010 -0.167340 -0.131300 -0.385100 -0.913500 25
0.168480 0.227110 0.077470 0.918400 -0.103000 0.381900 25
0.166330 0.207480 0.075910 0.905700 -0.135700 0.401700 25
0.163210 0.233830 0.092500 0.771700 -0.049350 0.634100 25
-0.059140 0.110520 0.123890 -0.304000 -0.609100 0.732500 25
-0.044480 0.120160 0.137970 -0.296800 -0.606900 0.737200 25
-0.039500 -0.237900 0.039750 0.639700 0.000000 -0.768600 24
-0.040090 -0.263500 0.039220 -0.703900 0.000000 0.710300 24
-0.041400 -0.029140 0.038020 0.792300 0.000105 -0.610200 24
-0.037550 -0.216330 0.041530 -0.674800 0.000000 0.738000 24
0.108760 -0.345320 -0.139210 -0.454300 -0.352200 0.818200 24
0.120720 -0.340320 -0.104900 0.017860 0.999800 0.000000 24
0.005720 -0.340320 -0.110240 0.000000 1.000000 0.000000 24
-0.182760 0.245280 -0.030010 -0.982800 0.129900 -0.131300 25
-0.185240 0.246130 -0.010330 -0.983100 0.129500 -0.129500 25
-0.079600 -0.421560 -0.154550 -0.026180 -0.995900 -0.086660 24
0.142130 0.350830 -0.032500 0.760800 0.582200 -0.286900 25
0.149100 0.343450 -0.022580 0.777800 0.622600 -0.086480 25
0.039230 0.056870 -0.030320 -0.309300 -0.928400 0.205800 24
-0.145500 0.122550 0.015860 -0.786900 -0.608500 0.102800 25
-0.155780 0.133290 0.000880 -0.787800 -0.613300 0.057420 25
0.030600 -0.002380 -0.060920 -0.398200 0.078340 0.914000 24
0.144770 -0.365010 -0.078460 -0.995800 -0.000871 0.091670 24
0.036340 0.095230 -0.115760 0.165600 -0.802000 -0.573900 25
0.075610 0.109520 0.113810 0.557100 -0.598400 0.575800 25
-0.091760 -0.340320 0.066250 0.000000 -1.000000 0.000000 24
-0.112970 -0.340320 0.075610 0.000000 -1.000000 0.000000 24
0.092700 -0.412270 0.155260 0.250500 0.001298 0.968100 24
-0.091670 0.291700 0.152670 -0.612900 0.332200 0.716900 25
-0.043940 0.056870 0.009590 -0.125100 -0.991600 0.032600 24
0.022440 -0.061070 0.051260 -0.506500 -0.000022 -0.862300 24
0.023560 -0.180250 0.050550 0.526700 0.000000 0.850100 24
0.024300 -0.247530 0.050070 0.500900 0.017690 0.865300 24
0.022470 -0.155510 0.051250 -0.427900 0.000000 -0.903800 24
0.041600 0.097960 -0.011260 0.344000 -0.930900 -0.123300 24
-0.144430 0.120160 -0.009880 -0.787000 -0.608100 -0.104000 25
-0.145820 0.120540 -0.001640 -0.793400 -0.608800 -0.000793 25
-0.098720 0.091260 0.061360 -0.485500 -0.792500 0.369000 25
0.147700 0.132680 0.046090 0.740000 -0.639300 0.209200 25
-0.152250 0.176840 -0.090310 -0.797300 -0.386600 -0.463600 25
-0.129090 0.149010 -0.101550 -0.732600 -0.384300 -0.561800 25
-0.115560 -0.423450 0.114380 0.000000 -1.000000 0.000000 24
-0.019750 -0.423450 0.113080 0.000000 1.000000 0.000000 24
-0.098230 -0.407000 0.156690 0.166600 -0.000019 -0.986000 24
0.082520 0.164970 -0.150740 0.441100 -0.392700 -0.807000 25
0.062370 0.185050 -0.168090 0.354600 -0.227900 -0.906800 25
0.042300 0.091560 0.001150 -0.001810 -1.000000 -0.000913 24
0.145610 0.185880 -0.105100 0.791700 -0.194600 -0.579000 25
0.147600 0.178950 -0.097800 0.733800 -0.380400 -0.562800 25
-0.131500 0.346180 -0.071090 -0.648500 0.614000 -0.449900 25
-0.127890 0.363130 -0.046100 -0.723900 0.622400 -0.297700 25
0.083420 0.149550 -0.143280 0.419700 -0.444600 -0.791300 25
0.127210 0.103410 0.036560 0.776600 -0.615200 0.135600 25
0.101640 0.091180 0.056660 0.517800 -0.825100 0.225900 25
0.030210 0.352420 -0.141210 0.179400 0.592500 -0.785300 25
0.040070 -0.130050 0.037140 -0.772600 0.000000 -0.634900 24
0.039070 -0.257660 0.038250 0.693000 -0.000001 0.720900 24
0.038930 -0.240930 0.038400 0.728800 0.000000 0.684800 24
0.037870 -0.214750 0.039560 0.739300 0.000000 0.673400 24
0.036380 -0.351410 -0.154580 0.000000 0.003976 -1.000000 24
-0.052470 -0.372190 -0.154580 0.000000 0.000000 1.000000 24
0.047680 -0.345040 -0.154580 -0.011040 -0.130500 0.991400 24
-0.071230 -0.373840 -0.154580 -0.000216 0.000000 -1.000000 24
0.026920 -0.342900 -0.154580 0.000007 -0.567700 0.823200 24
0.002920 -0.364500 -0.154580 0.000000 0.000000 -1.000000 24
-0.067980 -0.342810 -0.154580 -0.000364 0.094540 -0.995500 24
-0.007140 -0.377020 -0.154580 -0.019990 -0.031230 0.999300 24
-0.055240 -0.408960 -0.154580 0.000000 0.000000 -1.000000 24
0.091100 -0.422730 -0.148700 0.351100 -0.017420 -0.936200 24
-0.120190 -0.348860 -0.141690 -0.559100 0.000087 -0.829100 24
0.094620 0.318210 -0.136690 0.559700 0.383100 -0.734800 25
-0.165690 0.316020 -0.020400 -0.917200 0.379800 -0.120700 25
-0.165750 0.308330 -0.044210 -0.901500 0.393400 -0.180300 25
-0.130850 -0.374500 -0.132950 0.658100 0.000000 0.752900 24
-0.039730 -0.004460 -0.057880 0.423500 0.269000 0.865100 24
0.145120 -0.379850 0.090030 0.992200 0.000016 0.124800 24
0.101950 -0.340320 0.045410 0.035620 0.998700 -0.035640 24
0.052460 -0.009610 -0.036530 -0.220200 0.970600 0.097560 24
0.056030 0.061780 0.031120 0.340500 -0.924200 0.173100 25
-0.096160 0.376510 -0.073940 -0.485300 0.790900 -0.372900 25
-0.055440 0.414050 -0.003230 -0.373500 0.926900 -0.037470 25
-0.126670 0.370030 -0.031310 -0.660100 0.722200 -0.206500 25
-0.016460 0.069190 -0.032640 -0.033300 -0.999200 -0.023380 24
-0.022510 0.095430 0.119200 -0.087350 -0.794900 0.600400 25
0.120070 -0.402380 0.140690 0.676700 -0.014320 0.736100 24
0.134930 -0.413140 -0.110080 -0.780200 0.436000 0.448600 24
0.133890 -0.398790 0.124890 0.858500 -0.006316 0.512700 24
-0.055900 0.089910 0.100150 -0.234000 -0.795500 0.558900 25
0.128600 0.343770 -0.079670 0.676500 0.565500 -0.471700 25
-0.031730 0.056730 -0.040540 0.338000 -0.842700 0.419100 25
0.035120 0.023350 -0.047600 0.110300 0.979000 -0.171400 24
-0.061230 -0.423450 -0.143550 0.000000 -1.000000 0.000000 24
-0.076740 0.096780 0.096000 -0.371900 -0.792600 0.483300 25
0.060130 0.074260 0.071760 0.368800 -0.767000 0.525100 25
0.053330 0.026090 -0.010560 -0.978600 -0.030280 0.203600 24
-0.118550 0.105290 0.061530 -0.642600 -0.710600 0.286600 25
-0.134530 -0.340320 0.085240 -0.023790 0.999300 0.029720 24
-0.071960 -0.340320 0.056130 0.000000 -1.000000 0.000000 24
-0.042510 0.148290 -0.159750 -0.185300 -0.383800 -0.904600 25
-0.042990 0.160180 -0.164650 -0.168900 -0.386400 -0.906700 25
-0.151050 -0.351970 -0.092590 -0.988800 0.000101 -0.149300 24
0.046180 -0.423450 -0.140300 0.000000 -1.000000 0.000000 24
0.025100 0.096160 0.119810 0.079820 -0.793500 0.603300 25
0.005910 0.102680 0.130920 0.051240 -0.784600 0.617900 25
0.009080 -0.340320 -0.135520 0.000000 1.000000 0.000000 24
-0.181740 0.251310 0.031730 -0.983300 0.128700 0.128800 25
-0.181670 0.245260 0.038310 -0.983000 0.129800 0.129700 25
0.052450 0.086860 -0.097280 0.271100 -0.798100 -0.538000 25
-0.125240 -0.340320 0.120460 0.000000 -1.000000 0.000000 24
0.018450 -0.340320 0.122950 0.000000 1.000000 0.000000 24
0.126950 0.107660 0.046000 0.730900 -0.608600 0.308900 25
-0.082670 0.206270 0.163360 -0.366900 -0.058160 0.928400 25
-0.083690 0.228390 0.166090 -0.355600 -0.118000 0.927200 25
-0.013740 0.118550 0.142680 -0.086170 -0.589300 0.803300 25
-0.021680 0.111370 0.136080 -0.076770 -0.620100 0.780700 25
-0.181370 0.259110 -0.026760 -0.982800 0.129900 -0.131300 25
-0.177100 0.277500 -0.040790 -0.954200 0.256100 -0.154300 25
0.035210 0.230250 0.182680 0.157200 -0.140700 0.977500 25
0.003240 0.220180 0.185560 0.098740 -0.159600 0.982200 25
-0.015220 0.397450 -0.093050 -0.052580 0.873700 -0.483600 25
0.177650 0.256050 -0.051170 0.980400 0.075770 -0.181900 25
0.129940 0.358060 -0.051230 0.752700 0.591600 -0.288700 25
-0.031510 0.006400 0.068470 -0.433000 -0.003050 0.901400 24
-0.092840 0.079420 -0.037840 -0.562900 -0.793100 -0.232700 25
0.144070 -0.340950 0.099050 0.884100 0.410100 0.224200 24
-0.041240 0.117990 0.000010 -0.494000 -0.869300 -0.014490 24
-0.111990 0.102080 0.067250 -0.568000 -0.758000 0.320700 25
-0.102760 0.088720 0.045570 -0.563600 -0.792600 0.232700 25
-0.114950 0.096180 0.041550 -0.563600 -0.792600 0.232700 25
-0.054220 -0.384540 0.157810 0.000000 0.000000 -1.000000 24
0.005370 -0.406710 0.157810 0.000000 0.000000 1.000000 24
-0.055970 -0.418200 0.157810 0.000000 -0.148200 0.989000 24
-0.018290 -0.407170 0.157810 0.000000 -0.000322 -1.000000 24
0.032490 -0.416410 0.157810 0.000000 -0.024350 0.999700 24
-0.045490 -0.409980 0.157810 0.000000 0.350100 -0.936700 24
0.026530 -0.416790 0.157810 0.000000 -0.024350 0.999700 24
-0.059360 -0.380320 0.157810 0.000036 0.000036 1.000000 24
-0.080990 -0.393020 0.157810 0.031430 0.000000 0.999500 24
-0.000420 -0.409590 0.157810 0.000000 0.098030 -0.995200 24
-0.081140 -0.366200 0.157810 0.004788 0.000000 -1.000000 24
-0.099150 0.079970 0.020370 -0.597600 -0.791400 0.128800 25
-0.110800 0.089460 0.026660 -0.602800 -0.793200 0.086410 25
0.161070 0.192030 -0.083300 0.931300 -0.084960 -0.354100 25
0.167980 0.212280 -0.073570 0.911100 -0.109400 -0.397500 25
-0.077820 0.067960 -0.011040 -0.378200 -0.924400 -0.050550 25
-0.083170 -0.423450 0.091470 0.000000 -1.000000 0.000000 24
0.024180 -0.423450 0.090080 0.000000 -1.000000 0.000000 24
0.125560 -0.423450 0.090990 -0.005971 0.999900 0.012070 24
0.016950 -0.245770 0.053130 -0.302400 0.000011 -0.953200 24
0.012580 -0.336090 0.054520 -0.029880 -0.967800 -0.250100 24
0.009570 -0.310830 0.055480 -0.196000 -0.000000 -0.980600 24
0.009410 -0.138240 0.055530 -0.196700 -0.000237 -0.980500 24
0.023200 -0.340320 0.061470 -0.000837 -1.000000 -0.001514 24
0.092540 -0.340320 0.112500 0.000000 -1.000000 0.000000 24
0.108590 -0.340320 0.108580 0.000000 1.000000 0.000000 24
0.127900 -0.358540 0.132900 -0.793300 -0.000003 -0.608800 24
-0.003910 -0.140660 0.056350 -0.011950 -0.000020 0.999900 24
-0.004070 -0.262090 0.056360 -0.011890 0.000082 0.999900 24
0.000850 -0.283900 0.056130 0.056150 0.000000 -0.998400 24
-0.004560 -0.295030 0.056380 0.221400 -0.000051 -0.975200 24
-0.042810 0.102760 -0.017380 -0.414800 -0.896000 -0.158700 24
-0.108410 0.341210 -0.109000 -0.561100 0.608600 -0.561000 25
0.113870 0.379850 -0.030770 0.608800 0.792600 -0.034110 25
-0.039630 -0.317400 -0.033930 0.791300 0.000000 0.611400 24
-0.043750 -0.178720 -0.029400 0.856000 -0.035250 0.515800 24
-0.039850 -0.223770 -0.033680 -0.734300 0.000003 -0.678900 24
-0.042630 -0.253250 -0.030640 0.868100 0.000000 0.496400 24
0.122050 -0.371710 -0.127830 -0.767300 0.000000 0.641300 24
-0.070550 -0.008000 0.025060 -0.107400 -0.993600 0.034920 24
0.183980 0.244000 -0.022060 0.977900 0.152300 -0.142900 25
0.180950 0.241560 -0.047510 0.948300 0.152000 -0.278700 25
-0.039120 -0.340320 -0.152000 0.000000 -0.984900 0.173000 24
-0.050810 0.117990 0.005770 -0.379500 -0.924100 0.044210 24
-0.046390 0.241140 -0.181150 -0.157500 0.031640 -0.987000 25
-0.017220 0.248100 -0.184070 -0.129500 0.129400 -0.983100 25
-0.152320 0.339180 0.023000 -0.789200 0.605200 0.104300 25
-0.146870 0.347130 0.018020 -0.788700 0.606000 0.103500 25
-0.106830 -0.345740 -0.149080 -0.212700 0.885500 -0.413100 24
0.169260 0.170030 0.039250 0.901800 -0.416000 0.117000 25
0.174660 0.176200 0.017890 0.916700 -0.381100 0.120200 25
0.068500 -0.340320 -0.136060 0.000717 -1.000000 -0.002084 24
-0.092750 0.391040 0.043980 -0.559100 0.811300 0.170800 25
-0.105330 0.377700 0.058680 -0.595500 0.784000 0.175500 25
0.012960 -0.407570 -0.154580 0.000000 0.000000 -1.000000 24
0.000900 -0.405940 -0.154580 0.000000 0.000000 -1.000000 24
0.055260 -0.423220 -0.154580 -0.034620 0.628700 0.776900 24
-0.026880 -0.397010 -0.154580 -0.013150 0.066450 0.997700 24
0.042880 -0.407700 -0.154580 0.000215 -0.000000 1.000000 24
-0.049090 -0.422050 -0.154580 0.000000 -0.070300 -0.997500 24
0.043490 -0.356450 -0.154580 0.027500 -0.061200 0.997700 24
0.057330 -0.357600 -0.154580 -0.023240 -0.000155 0.999700 24
-0.072860 0.015110 -0.005180 -0.680000 0.728800 -0.080340 24
0.083380 0.374200 -0.092680 0.455100 0.745100 -0.487500 25
0.098390 0.141260 -0.127030 0.554900 -0.414800 -0.721100 25
0.086400 0.138480 -0.133550 0.449000 -0.594900 -0.666700 25
-0.021550 0.023350 0.065160 -0.073260 0.982800 0.169300 24
-0.113210 0.275260 -0.141530 -0.604100 0.128900 -0.786400 25
-0.099200 0.244540 -0.157340 -0.596100 0.128500 -0.792500 25
0.026310 0.195750 0.179270 0.109100 -0.103500 0.988600 25
-0.124930 0.236040 0.138990 -0.608100 -0.110200 0.786100 25
-0.128910 0.268460 0.130600 -0.748000 0.128400 0.651200 25
-0.163610 0.244630 0.088970 -0.918000 0.112000 0.380600 25
-0.160440 0.275520 0.086080 -0.916100 0.129000 0.379600 25
-0.148780 0.327180 0.065060 -0.753300 0.579500 0.310800 25
-0.155140 0.316380 0.061300 -0.854700 0.380000 0.353600 25
0.038810 -0.183520 0.038530 0.739100 -0.023730 0.673100 24
0.036760 -0.280470 0.040790 0.704600 -0.000035 0.709600 24
0.037790 -0.205700 0.039660 0.750400 0.000000 0.661000 24
0.041910 -0.299650 0.035130 0.751900 0.006185 0.659200 24
-0.049840 0.356440 0.131850 -0.271300 0.612600 0.742400 25
-0.011720 0.023350 0.071980 0.056100 -0.676300 -0.734500 24
-0.157850 0.139750 -0.023120 -0.864400 -0.490400 -0.111100 25
-0.152360 0.134170 -0.032050 -0.783400 -0.610100 -0.118900 25
-0.069740 0.001350 0.026800 0.965500 -0.018940 -0.259600 24
-0.053690 0.099040 0.113940 -0.235600 -0.788900 0.567600 25
-0.142180 -0.340320 -0.103300 0.525700 -0.842300 0.119100 24
-0.135540 -0.340320 -0.108340 0.057140 -0.996800 0.055130 24
-0.071290 -0.003660 0.020920 -0.975100 -0.022610 0.220600 24
-0.056800 0.075950 0.077080 -0.370400 -0.793800 0.482400 25
-0.151830 -0.410140 -0.083520 0.999800 -0.003567 0.020310 24
-0.061960 0.023350 0.030140 -0.661900 0.664000 0.347700 24
-0.129550 0.331280 0.094040 -0.675000 0.531700 0.511600 25
-0.070990 -0.340320 -0.139520 0.000000 -1.000000 0.000000 24
0.040760 0.153630 -0.162210 0.119100 -0.398600 -0.909300 25
0.044210 0.167690 -0.167630 0.254900 -0.390800 -0.884500 25
0.002800 0.069160 -0.081830 -0.045820 -0.914200 -0.402700 25
-0.008540 0.102550 -0.130400 -0.088890 -0.738900 -0.667900 25
-0.016600 0.093920 -0.117990 -0.079800 -0.793900 -0.602800 25
0.053100 0.032900 0.016580 -0.944500 -0.009239 -0.328300 24
-0.068160 0.403300 0.044440 -0.320500 0.923600 0.210500 25
-0.031170 0.301940 0.170110 -0.093920 0.380500 0.920000 25
-0.025200 0.295540 0.173550 -0.154600 0.386800 0.909100 25
-0.038670 0.314020 -0.164120 -0.130400 0.379200 -0.916100 25
-0.044870 0.290120 -0.173200 -0.302700 0.336200 -0.891800 25
-0.141550 -0.366120 -0.119080 0.889200 0.020120 0.457100 24
0.002700 -0.095240 0.056040 -0.125300 0.000000 -0.992100 24
0.000500 -0.047890 0.056150 -0.125300 -0.000000 -0.992100 24
0.004680 -0.028180 0.055950 0.056340 0.000012 0.998400 24
-0.000740 -0.102370 0.056210 -0.050950 0.000000 -0.998700 24
0.027640 0.025450 -0.045820 -0.333700 -0.744400 0.578300 24
0.043540 0.135920 0.151440 0.203600 -0.564400 0.800000 25
-0.059640 -0.009610 -0.031640 0.257300 0.937200 0.235500 24
-0.110980 0.160320 0.127760 -0.562300 -0.382500 0.733200 25
-0.113810 0.173510 0.132480 -0.562600 -0.382600 0.732900 25
-0.053670 -0.340320 0.075910 0.000000 1.000000 0.000000 24
0.005760 -0.340320 0.064180 0.001480 0.961300 0.275600 24
-0.116110 -0.340320 0.085150 0.000000 0.999400 0.035670 24
0.039150 -0.340320 0.087490 0.000000 -1.000000 0.000000 24
-0.077000 -0.340320 0.077040 0.000000 -1.000000 0.000000 24
0.069890 -0.340320 0.074240 0.017780 0.998400 0.053670 24
-0.034570 -0.340320 0.070470 0.000000 1.000000 0.000000 24
0.059790 -0.340320 0.079010 0.000000 -1.000000 0.000000 24
0.075290 0.302360 0.155580 0.397900 0.405800 0.822800 25
0.082660 0.288810 0.158550 0.360000 0.363200 0.859300 25
-0.127290 -0.371140 0.143680 -0.685000 -0.000086 0.728500 24
0.100530 -0.340320 0.116210 0.000000 -1.000000 0.000000 24
0.022950 -0.340320 0.117140 0.000000 -1.000000 0.000000 24
0.061590 0.375610 0.107040 0.412300 0.804300 0.428000 25
0.010610 0.314050 -0.167800 0.121300 0.379900 -0.917000 25
0.015720 0.321600 -0.164000 0.115800 0.424200 -0.898100 25
-0.018460 -0.340320 0.155890 0.000000 -0.414900 -0.909900 24
-0.043450 -0.064740 -0.029730 0.851100 0.000000 0.525000 24
-0.042110 -0.024680 -0.031200 -0.744400 -0.075740 -0.663500 24
-0.040270 -0.146400 -0.033220 0.798300 0.000000 0.602300 24
-0.037740 -0.102860 -0.036010 -0.734300 -0.000001 -0.678900 24
-0.011440 0.236400 -0.186380 -0.129800 0.048930 -0.990300 25
-0.030670 0.253180 -0.181630 -0.127500 0.127400 -0.983600 25
-0.141500 0.115270 -0.003370 -0.788500 -0.612900 0.051660 25
-0.021530 0.084740 0.037810 0.116000 -0.962400 0.245500 24
-0.046310 0.071360 0.073880 -0.202500 -0.917000 0.343700 25
-0.154570 0.187270 0.094340 -0.746200 -0.351400 0.565400 25
-0.143330 -0.354330 0.125100 -0.862600 0.000135 0.505900 24
-0.115700 0.330360 0.113240 -0.606500 0.602200 0.519200 25
0.167500 0.178020 -0.056200 0.874500 -0.383000 -0.297600 25
0.158640 0.164660 -0.063110 0.837400 -0.373800 -0.398700 25
0.003080 0.066910 0.076310 0.049840 -0.923900 0.379400 25
0.101930 0.087400 -0.043070 0.562100 -0.793800 -0.232000 25
0.076760 -0.348700 -0.152790 0.226700 0.000153 -0.974000 24
0.002390 -0.423450 0.093150 0.029720 0.999300 -0.023780 24
0.047310 -0.423450 0.091050 0.000000 1.000000 0.000107 24
0.010350 0.117990 -0.005530 0.102100 -0.992200 -0.071300 24
-0.127410 0.368360 0.036870 -0.688100 0.675400 0.265300 25
0.096650 -0.364110 0.153920 0.252700 -0.000035 0.967500 24
0.036670 0.204750 -0.179110 0.129500 -0.130600 -0.982900 25
0.031820 0.190540 -0.177860 0.129500 -0.130600 -0.982900 25
-0.025600 0.338110 0.152800 -0.044250 0.613100 0.788800 25
-0.021960 0.329940 0.159550 -0.142100 0.569300 0.809800 25
0.006670 0.084020 0.041410 0.140800 -0.987200 -0.075350 24
0.071450 -0.423450 -0.083590 0.000000 -1.000000 0.000000 24
0.061110 -0.423450 -0.089670 0.000000 -1.000000 0.000000 24
-0.029730 -0.423450 -0.089300 0.000000 -1.000000 0.000000 24
0.129750 0.103440 0.022320 0.604100 -0.792900 0.079900 25
-0.131000 -0.389930 0.140430 -0.678600 -0.000025 0.734500 24
0.139450 0.332640 0.078800 0.679800 0.654400 0.330900 25
0.029000 -0.340320 0.157140 0.000000 0.192200 0.981400 24
-0.183330 0.231990 -0.032050 -0.985600 -0.107000 -0.131100 25
-0.185560 0.233610 -0.016720 -0.989800 -0.045950 -0.135000 25
0.033870 0.228820 -0.182670 0.128700 -0.037920 -0.991000 25
0.003900 0.196400 -0.182310 0.131800 -0.133800 -0.982200 25
0.109910 -0.412430 -0.138440 0.589200 -0.025300 -0.807600 24
0.026220 -0.009610 -0.056870 -0.300400 0.847600 0.437400 24
-0.009540 0.075140 -0.035730 -0.020310 -0.994700 -0.100500 24
-0.127120 0.306070 0.115280 -0.713900 0.410500 0.567200 25
-0.096280 0.396320 -0.001870 -0.560400 0.819700 -0.119000 25
-0.019660 -0.159210 -0.047270 0.273300 0.000000 0.961900 24
-0.016670 -0.118420 -0.048230 -0.238400 0.000000 -0.971200 24
-0.015650 -0.062060 -0.048550 0.388500 0.000018 0.921400 24
-0.022600 -0.246050 -0.046340 -0.436600 0.000000 -0.899600 24
0.084940 -0.362960 -0.150790 -0.304000 -0.023780 0.952400 24
0.059770 -0.340320 0.112610 0.000000 -1.000000 0.000000 24
-0.101210 -0.340320 0.110320 0.000000 1.000000 -0.000003 24
-0.066740 0.159080 -0.154630 -0.353700 -0.382800 -0.853400 25
-0.053890 0.163470 -0.161930 -0.352600 -0.383100 -0.853800 25
-0.134760 0.205040 0.124000 -0.754300 -0.132400 0.643100 25
0.010840 -0.423450 -0.135760 0.000000 1.000000 0.000000 24
0.145360 -0.419480 0.046990 0.911500 -0.411300 -0.000059 24
0.145360 -0.401920 -0.024900 -1.000000 0.000000 0.000000 24
0.145360 -0.380190 -0.044970 0.997500 -0.071290 0.000000 24
0.145360 -0.359680 -0.040870 -1.000000 0.000000 0.000000 24
0.145360 -0.420330 0.058040 -0.835400 0.549700 0.000000 24
0.145360 -0.375540 -0.067320 0.998800 -0.047570 0.011660 24
0.145360 -0.416920 0.008160 1.000000 -0.000235 0.000000 24
0.145360 -0.397680 -0.038700 1.000000 0.000107 0.000000 24
0.145360 -0.360550 -0.054720 1.000000 0.000000 0.000000 24
0.145360 -0.401910 0.016880 -1.000000 0.000000 0.000000 24
-0.127030 -0.350110 -0.136360 0.620500 0.000542 0.784200 24
-0.151940 -0.384560 0.091430 -0.999200 0.000000 0.039530 24
-0.151940 -0.379620 0.013350 -1.000000 0.000000 0.000000 24
-0.151940 -0.391410 0.075570 0.999400 -0.035670 0.000089 24
-0.151940 -0.406560 0.067180 -1.000000 0.000000 0.000000 24
-0.151940 -0.399960 0.032230 -1.000000 0.000000 0.000000 24
-0.151940 -0.369870 0.065600 0.997500 -0.071160 0.000000 24
-0.151940 -0.397250 -0.003740 -1.000000 0.000000 0.000000 24
-0.151940 -0.370560 0.075930 1.000000 0.000000 0.000000 24
-0.151940 -0.405120 -0.030700 0.995700 -0.083080 0.041410 24
-0.151940 -0.391890 0.085500 0.999400 -0.035670 0.000089 24
-0.151940 -0.405380 -0.040460 0.995700 -0.083080 0.041410 24
-0.151940 -0.379150 0.033400 0.997500 -0.071210 0.000000 24
0.012930 0.117990 -0.038210 0.171800 -0.887000 -0.428500 24
0.095830 0.094630 0.072360 0.556400 -0.750900 0.355900 25
-0.089200 0.077370 0.039670 -0.561500 -0.794200 0.232400 25
-0.012920 0.117990 -0.035790 -0.146200 -0.924000 -0.353200 24
0.036120 0.352350 -0.140480 0.179400 0.592500 -0.785300 25
0.053640 0.023350 -0.038850 0.211200 0.955900 -0.204100 24
0.157800 0.136830 -0.006380 0.767500 -0.625600 -0.139500 25
0.057100 -0.423450 0.039530 0.000000 -1.000000 0.000000 24
0.064530 0.409920 -0.010040 0.425400 0.899100 -0.102800 25
0.126050 0.357410 -0.061920 0.752700 0.591600 -0.288700 25
-0.075750 0.069570 -0.032650 -0.351000 -0.923800 -0.153000 25
0.124230 -0.423450 0.075870 0.041390 0.997000 -0.065110 24
0.140220 -0.366930 0.112780 0.930600 0.017980 0.365500 24
0.113680 0.154550 0.122680 0.602800 -0.340000 0.721800 25
0.097260 0.184250 0.150780 0.612600 -0.211400 0.761600 25
-0.112010 0.371810 0.062430 -0.575600 0.800300 0.168000 25
-0.048690 -0.009610 -0.024140 0.202900 0.975800 0.082090 24
-0.003340 0.183980 0.179820 -0.166900 -0.277600 0.946100 25
-0.036490 0.173850 0.171220 -0.059660 -0.392100 0.918000 25
0.007090 0.093240 0.043130 0.135600 -0.709700 0.691400 24
-0.157080 0.331350 -0.032490 -0.795100 0.588800 -0.145200 25
-0.152920 0.340390 -0.011360 -0.789000 0.605500 -0.104100 25
0.140320 0.279200 0.113940 0.778700 0.136600 0.612400 25
0.129060 0.279790 0.128490 0.730800 0.132700 0.669600 25
-0.017090 0.003780 0.073620 -0.106200 -0.000413 0.994300 24
0.077190 0.400340 -0.044160 0.337000 0.930200 -0.145100 25
0.023260 -0.423450 0.153330 0.000000 0.966800 -0.255500 24
0.144020 -0.423450 0.033440 -0.444600 0.895800 0.000000 24
0.126870 -0.423450 -0.032760 0.000000 -1.000000 0.000000 24
0.064220 -0.423450 0.032100 0.000000 1.000000 0.000000 24
0.054850 -0.423450 -0.022430 0.000000 -1.000000 0.000000 24
0.084730 -0.423450 -0.010660 0.000000 1.000000 0.000000 24
0.116700 -0.423450 -0.013490 0.041510 0.998300 0.041610 24
0.144760 -0.423450 -0.039670 0.369200 -0.929300 -0.004946 24
0.136020 -0.423450 -0.046120 0.000000 -1.000000 0.000000 24
0.086280 -0.423450 -0.000530 0.000000 1.000000 0.000000 24
0.040910 -0.423450 0.000910 0.000000 -1.000000 0.000000 24
0.072610 -0.423450 0.003310 0.000000 -1.000000 0.000000 24
0.066900 -0.423450 0.008290 0.000000 1.000000 0.000000 24
0.113780 -0.423450 -0.025680 0.005957 1.000000 0.005958 24
0.077180 -0.423450 0.031980 0.000000 -1.000000 0.000000 24
0.092630 -0.423450 0.016980 0.000000 -1.000000 0.000000 24
0.109760 -0.423450 0.028880 0.000000 1.000000 0.000000 24
0.119910 -0.423450 -0.041350 0.023790 0.999400 0.023800 24
0.097970 -0.423450 -0.000550 0.000000 -1.000000 0.000000 24
-0.110600 0.185570 -0.141230 -0.591500 -0.253000 -0.765600 25
-0.110790 0.151470 -0.123280 -0.653000 -0.384000 -0.652900 25
0.059190 -0.340320 -0.082870 0.000000 -1.000000 0.000000 24
-0.074230 -0.340320 -0.087640 -0.017870 0.999700 -0.017840 24
0.016110 -0.340320 -0.081640 0.000000 0.999400 0.035670 24
0.141980 0.159310 -0.091750 0.732800 -0.382900 -0.562400 25
0.152810 0.180680 -0.092180 0.733800 -0.380400 -0.562800 25
0.082050 -0.423450 0.048180 0.011900 0.999900 -0.005913 24
0.104700 0.340420 0.112600 0.492100 0.618700 0.612400 25
0.084050 0.330210 0.138250 0.429300 0.371000 0.823400 25
0.154530 0.333170 0.041240 0.773900 0.615700 0.148400 25
0.145830 0.346450 0.029880 0.787600 0.608600 0.096760 25
0.042470 -0.340320 -0.047310 0.000000 -1.000000 0.000000 24
-0.039630 0.161350 0.165590 -0.235000 -0.367500 0.899800 25
-0.022920 0.162860 0.168420 -0.058870 -0.423500 0.904000 25
0.092600 0.189020 -0.156190 0.439500 -0.190000 -0.877900 25
0.107360 0.209940 -0.148340 0.603500 -0.130400 -0.786700 25
0.020270 0.015630 -0.064650 -0.184800 -0.699500 0.690300 24
0.111190 0.183120 -0.139500 0.567200 -0.341200 -0.749600 25
0.114740 0.163450 -0.126510 0.605000 -0.381700 -0.698800 25
0.119830 0.094850 0.011990 0.603700 -0.793200 0.079350 25
-0.017020 -0.127100 -0.048120 -0.293900 0.000000 -0.955800 24
-0.022360 -0.300950 -0.046410 -0.508800 -0.000003 -0.860900 24
0.055330 0.009700 0.045990 -0.797500 0.012610 -0.603200 24
-0.037580 0.403050 -0.072900 -0.181700 0.926900 -0.328300 25
0.019780 0.055340 0.043660 0.140800 -0.987200 -0.075350 25
-0.072630 -0.340320 0.021650 0.011890 0.999900 0.011890 24
0.005070 0.357880 -0.140330 0.069960 0.607900 -0.790900 25
-0.035620 -0.200420 -0.038330 -0.622200 -0.000016 -0.782900 24
-0.041610 -0.054070 -0.031760 0.819500 0.000000 0.573000 24
-0.037340 -0.228750 -0.036440 -0.734300 -0.000003 -0.678900 24
0.064320 0.007000 0.030050 0.930800 -0.018510 0.365100 24
0.092840 0.347500 -0.114920 0.465600 0.598300 -0.652200 25
0.103400 0.346410 -0.107870 0.577000 0.608700 -0.544600 25
0.098000 0.254000 0.156700 0.607800 0.199800 0.768600 25
0.098110 0.267630 0.154380 0.635500 0.110300 0.764200 25
-0.017870 -0.009610 -0.061390 -0.110700 -0.766800 -0.632300 24
0.169710 0.197940 -0.064470 0.883900 -0.157100 -0.440500 25
0.173070 0.193890 -0.054970 0.868100 -0.313200 -0.385200 25
0.088250 0.398660 -0.027980 0.608900 0.731100 -0.307700 25
0.003760 0.056870 0.053770 -0.090630 -0.716100 -0.692100 24
-0.010460 0.355920 0.141120 -0.155200 0.605800 0.780300 25
0.005850 0.376020 0.122210 0.116400 0.789800 0.602100 25
0.113330 0.191350 -0.140680 0.599200 -0.164200 -0.783600 25
-0.162950 0.208960 -0.084590 -0.916200 -0.131600 -0.378600 25
-0.167800 0.227760 -0.079330 -0.919100 -0.092870 -0.383000 25
0.024460 0.063400 0.027040 0.070560 -0.991700 0.107400 24
-0.183460 0.256640 0.013380 -0.983300 0.128800 0.128700 25
-0.178790 0.273420 0.032020 -0.977500 0.166000 0.129900 25
-0.039590 0.072530 -0.009320 -0.098250 -0.995000 -0.019740 24
0.032810 -0.302130 -0.038830 0.672400 -0.000009 -0.740200 24
0.036260 -0.171380 -0.035680 -0.652200 0.000000 0.758000 24
0.037310 -0.238020 -0.034730 0.836900 0.000000 -0.547400 24
0.038620 -0.159130 -0.033530 -0.834300 0.000000 0.551300 24
0.090540 -0.340320 -0.106610 0.000000 -1.000000 0.000000 24
0.099840 -0.340320 -0.103240 0.000000 1.000000 0.000000 24
-0.066290 0.012620 0.034140 -0.905300 -0.000045 0.424800 24
-0.070420 -0.340320 -0.121970 0.000000 1.000000 0.000000 24
-0.098530 -0.340320 -0.123050 0.000000 1.000000 0.000000 24
0.028900 0.106670 0.131490 0.130500 -0.625600 0.769200 25
0.000890 0.127180 0.151050 -0.063600 -0.610700 0.789300 25
-0.007930 -0.423450 -0.137790 0.000000 -1.000000 0.000000 24
0.146580 0.235930 0.115070 0.791200 -0.061430 0.608500 25
0.152430 0.265350 0.101130 0.796200 0.057880 0.602200 25
-0.033190 0.075800 -0.022160 -0.083700 -0.995200 -0.049850 24
-0.088920 0.151490 -0.140070 -0.562100 -0.382500 -0.733300 25
-0.093520 0.155480 -0.138630 -0.562100 -0.382500 -0.733300 25
0.176390 0.188770 0.041210 0.964600 -0.225500 0.136500 25
0.182940 0.215180 0.018050 0.980200 -0.118800 0.158200 25
-0.004100 0.050140 -0.007350 0.071340 -0.994900 -0.071420 25
0.144770 -0.345960 -0.078560 0.997100 0.012540 -0.075130 24
0.103140 0.084040 -0.028680 0.579500 -0.802900 -0.139900 25
0.009490 0.422080 -0.004000 0.065910 0.994800 -0.078110 25
-0.118970 0.143680 0.111120 -0.732600 -0.405000 0.547000 25
-0.062560 0.073260 -0.067180 -0.270000 -0.896600 -0.351100 25
0.091940 -0.348930 0.155460 -0.273900 -0.203900 -0.939900 24
-0.042100 0.407140 0.058380 -0.228400 0.922700 0.310700 25
-0.134650 -0.402160 -0.128610 0.729600 -0.041730 0.682600 24
0.032480 -0.162380 0.044830 0.499600 -0.000057 0.866200 24
0.033520 -0.105920 0.044160 0.619200 0.000000 0.785200 24
0.030650 -0.083610 0.046000 0.541700 0.000000 0.840600 24
0.129890 0.154100 -0.103970 0.732700 -0.382800 -0.562600 25
-0.015380 -0.340320 0.121250 0.000000 1.000000 0.000000 24
0.026050 0.074160 0.029240 0.083530 -0.995200 0.050120 24
-0.117430 0.371860 -0.049180 -0.619600 0.739800 -0.262100 25
0.187030 0.234980 -0.006980 0.989600 -0.024380 -0.141800 25
0.183890 0.208780 -0.004390 0.987400 -0.089710 -0.130500 25
0.182150 0.229980 -0.038970 0.993400 -0.050360 -0.103500 25
-0.024940 0.395770 0.093960 -0.161100 0.899200 0.406700 25
0.010540 0.130080 0.152020 0.129200 -0.584400 0.801100 25
0.026840 0.111870 0.135780 0.128900 -0.606700 0.784400 25
0.041380 0.074810 0.084870 0.275800 -0.820900 0.500100 25
0.026830 0.029430 0.051430 -0.488700 -0.078140 -0.868900 24
0.020560 0.420150 0.014010 0.130900 0.988200 0.079470 25
-0.101790 0.130740 -0.114250 -0.559500 -0.611600 -0.559400 25
-0.085190 0.157470 0.146050 -0.491800 -0.374200 0.786200 25
-0.088460 0.171360 0.150800 -0.511900 -0.379900 0.770500 25
-0.108050 0.372890 -0.066120 -0.561000 0.785200 -0.262100 25
0.093790 0.394810 0.028750 0.539500 0.797400 0.270200 25
-0.164050 0.276720 -0.076960 -0.911800 0.148500 -0.382900 25
-0.165950 0.264790 -0.076450 -0.915600 0.130300 -0.380400 25
0.073720 -0.340320 -0.114680 0.000000 -1.000000 0.000000 24
0.049450 -0.340320 -0.115730 0.000000 -1.000000 0.000000 24
-0.023440 0.102700 0.040630 -0.306400 -0.826100 0.472900 24
0.080340 0.387340 -0.071570 0.423600 0.826200 -0.371400 25
-0.012370 0.016930 -0.067410 0.058200 -0.631000 0.773600 24
0.051520 -0.243170 0.013310 -0.982700 -0.000021 -0.185200 24
0.052370 -0.075280 0.009400 0.994400 -0.006734 0.105500 24
0.051090 -0.300990 0.015260 0.969300 0.000003 0.246100 24
0.051200 -0.324000 0.014750 0.972900 -0.000703 0.231300 24
0.065240 0.404260 0.044480 0.287000 0.914200 0.286200 25
0.060660 0.408410 0.033610 0.337300 0.926800 0.165100 25
-0.181400 0.231900 0.046630 -0.988300 0.025540 0.150300 25
-0.178350 0.208610 0.046320 -0.945400 -0.125200 0.300900 25
-0.104870 0.203730 0.149220 -0.603800 -0.130300 0.786400 25
-0.114350 0.201220 0.141530 -0.677100 -0.081910 0.731300 25
0.049600 0.056870 0.019710 -0.328400 -0.938200 -0.109400 24
-0.083170 0.087440 -0.073470 -0.483100 -0.793100 -0.371100 25
-0.083020 -0.375000 -0.154320 -0.065930 -0.000000 -0.997800 24
0.051360 -0.340320 -0.095070 0.000000 1.000000 0.000000 24
-0.015100 -0.340320 -0.097020 0.000000 1.000000 0.000000 24
-0.122230 -0.415930 0.147220 -0.503700 0.000334 0.863900 24
-0.051140 0.100590 -0.117190 -0.302900 -0.615100 -0.727900 25
-0.034230 0.084730 -0.101820 -0.232400 -0.792900 -0.563300 25
-0.045580 -0.159520 -0.026950 -0.829900 -0.000009 -0.558000 24
-0.045630 -0.095730 -0.026850 0.851100 0.000000 0.525000 24
-0.047590 -0.138440 -0.023050 0.877100 0.000000 0.480300 24
-0.046460 -0.050380 -0.025240 -0.829900 0.000000 -0.558000 24
-0.084700 0.070280 0.001800 -0.393900 -0.917800 0.050480 25
-0.124310 -0.340320 0.065450 0.000000 -1.000000 0.000000 24
0.024310 0.070440 -0.081480 0.134400 -0.925600 -0.353800 25
-0.041400 0.091980 -0.015230 -0.414800 -0.896000 -0.158700 24
-0.013080 -0.340320 -0.154420 0.000000 0.689100 -0.724700 24
0.122190 0.375840 0.007770 0.599800 0.797800 0.061340 25
0.024420 0.088080 0.034320 -0.076250 -0.993300 -0.086890 24
0.005060 0.070440 0.084640 0.049910 -0.924000 0.379200 25
0.046870 0.292120 0.171900 0.304800 0.417600 0.856000 25
0.137610 0.347250 0.054210 0.765800 0.583100 0.271100 25
0.133830 0.358940 0.040100 0.766900 0.568900 0.297100 25
0.035390 0.384360 -0.105660 0.230400 0.814200 -0.532900 25
-0.093280 -0.401300 -0.153020 -0.214000 -0.001094 -0.976800 24
0.011580 -0.423450 0.140270 0.000000 -1.000000 0.000000 24
0.056370 0.124350 0.136530 0.306300 -0.614100 0.727400 25
0.079210 0.140730 0.140670 0.568900 -0.472300 0.673300 25
0.052650 0.414610 -0.014160 0.345500 0.925100 -0.157700 25
-0.046860 -0.104780 0.029890 -0.860600 -0.000002 0.509300 24
-0.047710 -0.228180 0.028560 -0.889000 0.000000 0.458000 24
-0.048780 -0.141090 0.026890 -0.890900 0.001139 0.454200 24
-0.043140 -0.021740 0.035690 0.742300 0.000394 -0.670100 24
-0.161640 0.327280 0.015740 -0.856000 0.503600 0.116800 25
-0.165910 0.314310 0.024140 -0.917100 0.379700 0.121300 25
0.030250 0.064790 -0.015770 0.112000 -0.991600 -0.064340 24
-0.061530 -0.423450 0.156450 0.000000 -0.148200 0.989000 24
-0.173380 0.226630 -0.065490 -0.915900 -0.131100 -0.379500 25
-0.161890 0.226650 -0.093240 -0.864800 -0.135900 -0.483300 25
0.103240 -0.376830 0.151370 -0.363600 0.000282 -0.931500 24
0.093840 0.376370 -0.077250 0.486900 0.789800 -0.373100 25
0.092040 0.374450 -0.083680 0.486900 0.789800 -0.373100 25
-0.041200 0.367380 0.126420 -0.287200 0.692500 0.661800 25
0.007340 0.087760 0.111110 0.079030 -0.793000 0.604000 25
0.002770 0.083760 0.106460 0.079110 -0.793000 0.604100 25
-0.058320 0.133920 -0.143660 -0.303000 -0.608700 -0.733300 25
0.100560 0.081270 -0.022660 0.584300 -0.798100 -0.147100 25
0.116910 0.093760 -0.023140 0.599700 -0.794600 -0.094110 25
0.118170 0.250200 -0.141850 0.603900 0.129000 -0.786500 25
0.101210 0.244040 -0.155880 0.589500 0.104700 -0.800900 25
0.054900 -0.423450 0.032720 0.000000 -1.000000 0.000000 24
0.068450 0.002190 -0.008870 0.983500 -0.002442 -0.181000 24
-0.033220 0.396610 -0.089410 -0.205100 0.892300 -0.402100 25
0.042340 -0.423450 0.029120 -0.005984 0.999900 0.011970 24
-0.000390 0.406420 -0.074240 0.037470 0.913500 -0.405200 25
-0.014290 0.117990 0.031820 0.116000 -0.962400 0.245500 24
-0.143250 -0.391220 -0.115970 0.916200 0.000000 0.400800 24
0.047590 -0.003130 0.054900 0.687000 0.028240 0.726100 24
-0.155220 0.172590 0.079960 -0.853500 -0.382700 0.353600 25
-0.155460 0.150130 0.055050 -0.826800 -0.445200 0.343800 25
0.094940 0.115970 0.105220 0.566200 -0.576300 0.589400 25
0.095740 0.135230 0.123240 0.546800 -0.632000 0.549100 25
-0.140410 -0.423450 0.123090 -0.016250 -0.999900 0.003085 24
0.074330 -0.423450 0.121640 0.000000 -1.000000 0.000000 24
-0.091750 0.364380 -0.099570 -0.511500 0.632200 -0.582000 25
0.084870 -0.362390 0.156860 0.215100 -0.000011 0.976600 24
0.107580 0.182550 0.141980 0.604200 -0.367100 0.707200 25
0.119650 0.162640 0.122310 0.606700 -0.378500 0.699000 25
0.134330 0.265560 -0.124670 0.771800 0.128200 -0.622800 25
0.138680 0.261650 -0.119840 0.753800 0.189500 -0.629200 25
-0.032680 0.054870 -0.030170 0.148000 -0.977500 0.150300 25
-0.024620 0.056870 0.045880 0.116000 -0.962400 0.245500 24
0.094380 0.383850 -0.060680 0.511300 0.792600 -0.332100 25
0.065770 0.293410 0.163500 0.354100 0.379800 0.854600 25
0.075530 0.316220 0.149320 0.423700 0.307200 0.852100 25
-0.054830 0.354520 -0.131370 -0.304500 0.605200 -0.735500 25
0.044240 -0.009610 -0.047490 0.728500 -0.082620 -0.680100 24
-0.007910 0.085000 0.107410 -0.079100 -0.793400 0.603500 25
-0.013440 0.089630 0.112770 -0.079100 -0.793400 0.603500 25
0.125720 0.099350 -0.012140 0.632800 -0.771500 -0.065820 25
0.077550 -0.423450 -0.094410 0.000000 -1.000000 0.000000 24
0.030580 -0.423450 -0.096990 0.000000 1.000000 0.000000 24
0.094490 -0.423450 -0.098470 -0.000007 0.999400 0.035790 24
0.080180 -0.373730 0.157390 0.046770 0.000000 0.998900 24
-0.088480 0.359720 -0.106540 -0.484300 0.605300 -0.631700 25
0.002420 0.225460 -0.186370 -0.062010 -0.136800 -0.988700 25
0.006820 0.229730 -0.186350 0.129300 -0.022490 -0.991300 25
0.061980 -0.365140 0.157810 0.000000 0.000000 -1.000000 24
-0.007870 -0.354280 0.157810 0.071260 0.000036 0.997500 24
-0.015130 -0.348860 0.157810 0.000000 -0.414900 -0.909900 24
-0.024080 -0.358020 0.157810 0.000000 0.000000 1.000000 24
0.059060 -0.383920 0.157810 0.000000 0.000000 -1.000000 24
-0.034010 -0.364620 0.157810 -0.017880 -0.035580 0.999200 24
-0.032110 -0.340780 0.157810 0.000000 0.997300 0.073570 24
0.071940 -0.379450 0.157810 -0.043730 0.000000 -0.999000 24
0.037500 -0.391280 0.157810 0.000000 0.000000 -1.000000 24
-0.009150 -0.367690 0.157810 0.065320 -0.023870 0.997600 24
0.045740 -0.423450 -0.093740 0.000000 1.000000 0.000000 24
-0.141450 -0.423450 -0.096540 0.000000 -1.000000 0.000000 24
-0.109160 -0.423450 -0.095060 0.000000 -1.000000 0.000000 24
-0.003980 0.117990 0.031910 0.116000 -0.962400 0.245500 24
0.061760 0.258190 -0.172960 0.378900 0.129500 -0.916300 25
0.060030 0.282820 -0.170200 0.368100 0.310900 -0.876300 25
0.105700 0.293850 -0.140790 0.479200 0.409000 -0.776600 25
0.118540 0.289470 -0.133200 0.600800 0.233800 -0.764400 25
0.152180 0.149950 0.062770 0.834600 -0.426000 0.349300 25
0.161230 0.154450 0.045810 0.860100 -0.376100 0.344700 25
0.054970 -0.340320 0.090120 0.000000 -1.000000 0.000000 24
-0.001740 -0.340320 0.089960 0.000000 -1.000000 0.000000 24
-0.016830 0.113680 0.138500 -0.086170 -0.589300 0.803300 25
-0.004400 0.125230 0.149080 -0.063600 -0.610700 0.789300 25
0.176030 0.188000 -0.043100 0.957000 -0.264900 -0.118100 25
0.180190 0.210990 -0.034740 0.977700 -0.173000 -0.118900 25
0.040660 0.087360 0.006820 -0.001810 -1.000000 -0.000913 24
-0.029530 -0.340320 -0.097500 0.000000 -1.000000 0.000000 24
0.084340 -0.340320 -0.095780 0.000000 1.000000 0.000000 24
0.117430 -0.356090 0.143000 0.600300 0.029450 0.799200 24
0.126190 -0.347940 -0.123110 0.815600 -0.032480 -0.577700 24
0.090970 0.365510 -0.099080 0.495200 0.634000 -0.594000 25
0.072360 0.362480 -0.116270 0.349500 0.549500 -0.758900 25
0.128560 0.166990 0.114470 0.738300 -0.382100 0.555800 25
0.134190 0.185210 0.119540 0.768200 -0.341900 0.541300 25
-0.059480 0.181740 0.167800 -0.391600 -0.342800 0.853900 25
0.008210 0.273410 0.181930 0.181800 0.146400 0.972400 25
0.032290 0.236060 0.183680 0.143600 -0.069040 0.987200 25
-0.005590 0.033310 0.059160 -0.036820 -0.013270 0.999200 24
-0.128870 0.371360 0.001380 -0.660100 0.750900 0.021050 25
0.040120 0.093570 0.016370 0.587100 -0.775400 0.232400 24
-0.141010 0.300490 0.100940 -0.733200 0.383000 0.561800 25
-0.080650 0.128870 -0.128660 -0.483000 -0.608800 -0.629300 25
-0.091110 0.109970 -0.102360 -0.458000 -0.662300 -0.593000 25
0.036670 -0.340320 0.127550 0.017860 0.999800 -0.000002 24
-0.042290 0.003750 -0.056100 0.633300 -0.028980 0.773400 24
-0.109170 0.386510 0.001030 -0.614600 0.788600 0.016480 25
-0.122610 0.373590 0.026910 -0.576700 0.812600 0.083750 25
-0.103800 -0.340320 -0.060620 0.000000 -1.000000 0.000000 24
-0.091590 -0.340320 -0.055450 0.000000 -1.000000 0.000000 24
-0.001200 0.408880 0.068190 0.013530 0.924700 0.380500 25
-0.095200 0.077340 -0.024180 -0.555900 -0.800100 -0.225600 25
-0.113090 0.091330 -0.028010 -0.603300 -0.793300 -0.081700 25
-0.040440 -0.423450 0.115220 0.000000 -1.000000 0.000000 24
0.177630 0.179150 -0.004640 0.907900 -0.404700 -0.109200 25
-0.043990 -0.009610 -0.052590 -0.113600 -0.986700 -0.116600 24
0.067940 0.355970 0.124740 0.308000 0.597100 0.740700 25
0.060590 0.344120 0.137540 0.278600 0.632000 0.723200 25
-0.045710 -0.423450 0.145090 0.000000 1.000000 0.003027 24
0.047800 0.415270 -0.021720 0.345500 0.925100 -0.157700 25
0.081280 0.075580 -0.050550 0.481700 -0.800300 -0.357100 25
-0.000290 0.063130 0.067480 0.033130 -0.924600 0.379400 25
0.080610 0.226230 0.167050 0.379900 -0.114200 0.918000 25
0.013780 0.058570 0.054610 -0.389300 -0.871400 -0.298600 25
0.101920 -0.340320 0.102200 0.000000 1.000000 0.000000 24
0.125870 -0.340320 0.103070 0.000000 -1.000000 0.000000 24
-0.001120 -0.340320 0.099040 -0.005930 0.999700 -0.023820 24
-0.014330 0.315430 -0.166730 -0.120500 0.379000 -0.917500 25
-0.023670 0.312030 -0.166920 -0.120700 0.379500 -0.917300 25
-0.073050 0.391980 0.071210 -0.500700 0.775700 0.384100 25
0.134160 -0.345580 -0.111650 -0.837700 -0.330500 0.434800 24
0.017300 0.291610 0.176210 0.113100 0.244000 0.963200 25
0.026410 0.300140 0.171480 0.121100 0.378800 0.917500 25
0.043110 0.361410 -0.130540 0.375400 0.549900 -0.746100 25
0.048450 0.355150 -0.133490 0.265100 0.619500 -0.738900 25
0.002590 0.399630 -0.090350 0.066310 0.910200 -0.408900 25
-0.081710 0.263740 0.163910 -0.355100 0.120500 0.927000 25
-0.078540 0.269330 0.164440 -0.352700 0.149200 0.923800 25
-0.025560 0.199670 -0.179890 -0.126500 -0.127600 -0.983700 25
-0.013320 0.207660 -0.182570 -0.129400 -0.130400 -0.983000 25
0.011490 0.050560 -0.001400 0.111800 -0.993700 -0.010260 25
0.086080 0.396900 0.040330 0.489000 0.852100 0.186600 25
0.139310 0.130120 -0.061220 0.726500 -0.613000 -0.310400 25
0.135920 0.115710 -0.040500 0.754700 -0.631100 -0.179200 25
0.080810 -0.423450 0.103530 0.000000 1.000000 -0.000107 24
-0.001150 -0.423450 0.101890 0.000000 1.000000 0.000000 24
-0.116240 0.250610 -0.143260 -0.603700 0.129700 -0.786600 25
-0.125020 0.270410 -0.133270 -0.634300 0.129000 -0.762200 25
0.018000 -0.122020 -0.047610 0.250100 0.000000 -0.968200 24
0.019360 -0.261760 -0.046910 0.408700 0.000705 -0.912700 24
0.018410 -0.179270 -0.047400 -0.273200 0.023720 0.961700 24
0.120100 0.126140 0.088370 0.647300 -0.560900 0.516100 25
0.101650 0.114630 0.097900 0.573600 -0.626400 0.527900 25
-0.023550 -0.340320 0.147210 0.000000 1.000000 0.000000 24
-0.085530 -0.340320 0.098360 -0.017970 0.999700 0.017870 24
-0.116370 -0.340320 0.095290 0.000000 0.999400 0.035960 24
-0.108750 -0.355760 -0.148150 0.408300 0.000592 0.912900 24
-0.040840 0.399530 -0.080650 -0.215000 0.817500 -0.534300 25
0.160650 0.313740 0.050820 0.870800 0.368400 0.325500 25
0.158850 0.311890 0.057150 0.870800 0.368400 0.325500 25
-0.066620 0.331480 -0.145450 -0.322500 0.576400 -0.750800 25
0.170860 0.306750 -0.010310 0.916600 0.380900 -0.121600 25
0.161190 0.325740 -0.024050 0.908600 0.397700 -0.127900 25
0.003320 -0.009610 0.066490 0.069480 0.971600 -0.226200 24
0.008890 -0.340320 0.140140 0.000000 -1.000000 0.003897 24
0.029160 0.415660 -0.042600 0.225000 0.915100 -0.334700 25
-0.077010 0.401910 0.034790 -0.311400 0.936300 0.162400 25
-0.021600 0.052340 0.013060 -0.122700 -0.991200 0.049590 25
0.066340 0.069540 0.048910 0.304100 -0.923900 0.232000 25
-0.011360 -0.309270 -0.049920 -0.150900 0.000000 -0.988600 24
-0.016310 -0.317070 -0.048340 -0.293900 -0.000188 -0.955800 24
-0.014510 -0.291920 -0.048920 0.357500 0.000000 0.933900 24
-0.147330 -0.376790 -0.106830 -0.952100 0.000012 -0.305900 24
-0.029340 0.102250 -0.032120 -0.401500 -0.751900 -0.522900 24
0.038130 0.097360 -0.018780 0.488400 -0.815700 -0.309900 24
-0.149870 -0.398200 0.108890 -0.980200 0.000000 0.198000 24
0.092950 0.078870 0.035710 0.560700 -0.789300 0.250100 25
-0.104280 -0.423450 -0.023510 0.000000 1.000000 0.000000 24
-0.097370 -0.423450 0.017920 0.000000 -1.000000 0.000000 24
-0.146750 -0.423450 -0.012030 0.319500 0.947600 0.000000 24
-0.083360 -0.423450 0.035530 0.000000 -1.000000 0.000000 24
-0.064500 -0.423450 -0.002980 0.000000 0.999400 0.035670 24
-0.150610 -0.423450 0.060110 0.954300 0.298800 0.000000 24
-0.145750 -0.423450 -0.038510 0.690700 0.723200 -0.000754 24
-0.029710 -0.423450 -0.011480 0.000000 -1.000000 0.000000 24
-0.034250 -0.423450 0.008560 0.000000 -1.000000 0.000000 24
-0.144810 -0.423450 0.025330 -0.202100 -0.979400 0.000000 24
-0.126580 -0.423450 0.042360 0.000000 -1.000000 0.000000 24
-0.136680 -0.423450 -0.022320 0.000000 -1.000000 0.000000 24
-0.081680 -0.423450 0.028840 0.000036 1.000000 0.000036 24
-0.020060 -0.423450 -0.009920 0.035780 0.996800 -0.070900 24
-0.123510 -0.423450 -0.009170 0.000000 1.000000 0.000000 24
-0.129390 -0.423450 -0.007230 0.000000 1.000000 0.000000 24
-0.131220 -0.423450 -0.033570 0.000000 -1.000000 0.000000 24
-0.118200 -0.423450 0.017270 0.000000 -1.000000 0.000000 24
-0.008740 -0.423450 -0.003820 0.200900 0.974900 0.095640 24
-0.107420 -0.423450 0.055470 0.000000 -1.000000 0.000000 24
0.019890 0.335210 0.155770 0.118900 0.613900 0.780400 25
0.003460 0.338920 0.155090 0.092110 0.589700 0.802300 25
-0.070300 0.067040 -0.029840 -0.352900 -0.924100 -0.146600 25
-0.153000 0.231770 0.106010 -0.794200 -0.037660 0.606600 25
-0.145880 0.226340 0.114110 -0.786500 -0.130900 0.603500 25
-0.030060 0.276530 0.178640 -0.123500 0.150000 0.980900 25
-0.020320 0.279390 0.179550 -0.097740 0.122500 0.987600 25
0.138250 -0.411470 0.117070 -0.901000 0.100200 -0.422100 24
0.049880 -0.170870 0.020790 0.934400 -0.024880 0.355300 24
0.050760 -0.222360 0.016790 0.983300 0.000001 0.182100 24
0.051470 -0.054680 0.013550 -0.968500 0.000000 -0.249000 24
0.139060 0.325070 -0.086900 0.715700 0.412500 -0.563500 25
0.143400 0.304560 -0.095070 0.785200 0.342300 -0.516000 25
-0.019610 0.103490 -0.037700 -0.401500 -0.751900 -0.522900 24
-0.011420 0.072550 -0.088960 -0.056080 -0.884900 -0.462500 25
-0.041790 0.333530 -0.154050 -0.261000 0.577500 -0.773600 25
-0.043480 0.365980 -0.126630 -0.297700 0.622400 -0.723900 25
-0.006820 0.399930 0.089060 -0.050420 0.928000 0.369200 25
-0.126660 0.358730 -0.057820 -0.736200 0.602600 -0.307900 25
-0.125240 0.232330 -0.138340 -0.603900 -0.131900 -0.786100 25
-0.113750 0.364110 0.073600 -0.630700 0.607100 0.483300 25
-0.096190 0.368280 0.091290 -0.595200 0.628700 0.500500 25
-0.121900 0.353880 0.075760 -0.682000 0.561200 0.469000 25
-0.114450 0.359460 0.078500 -0.631800 0.605400 0.484100 25
-0.075660 0.132590 -0.135370 -0.444900 -0.608700 -0.657000 25
0.015620 0.034400 0.056530 0.365900 0.215300 0.905400 24
-0.037670 -0.093060 0.041420 -0.636500 0.000000 0.771300 24
-0.035230 -0.055470 0.043640 -0.625300 -0.013340 0.780300 24
-0.033160 -0.276600 0.045530 0.642900 0.000000 -0.765900 24
-0.112890 0.096870 -0.048840 -0.562300 -0.793400 -0.232900 25
-0.027390 -0.340320 0.140650 0.000000 1.000000 0.000000 24
-0.008010 0.051550 -0.017340 -0.038590 -0.991700 -0.122900 25
-0.094100 0.227920 -0.161500 -0.563200 -0.106400 -0.819400 25
-0.014100 -0.207100 -0.049050 0.165200 -0.000070 0.986300 24
-0.014290 -0.330130 -0.048990 0.351900 -0.114800 0.929000 24
-0.015370 -0.284160 -0.048640 -0.150900 0.000001 -0.988600 24
-0.010410 -0.174080 -0.050220 -0.293900 0.000000 -0.955800 24
0.097480 -0.340320 0.141580 0.006283 0.999500 -0.030180 24
-0.004160 -0.340320 0.139150 0.000000 1.000000 0.000000 24
0.100780 0.379220 0.062160 0.489300 0.794300 0.360100 25
0.117270 0.121600 -0.086330 0.629000 -0.608900 -0.483300 25
0.126820 0.122660 -0.075220 0.635100 -0.609400 -0.474600 25
-0.036370 0.079010 0.023120 -0.071710 -0.995900 0.055940 24
-0.088550 0.081500 -0.053720 -0.494000 -0.795900 -0.350100 25
0.028120 0.305210 -0.169150 0.121300 0.379700 -0.917100 25
0.008410 0.288030 -0.178870 0.088250 0.270100 -0.958800 25
-0.079140 0.320290 0.146010 -0.400000 0.389000 0.829900 25
-0.067030 0.290790 0.164140 -0.425200 0.346900 0.836000 25
-0.004470 0.422540 -0.005190 -0.084210 0.996300 0.015620 25
-0.012780 0.160500 0.168770 -0.077070 -0.459800 0.884700 25
-0.139920 0.284810 -0.112930 -0.758500 0.249400 -0.602100 25
-0.137990 0.312760 -0.096590 -0.733800 0.379900 -0.563200 25
0.049330 -0.031530 -0.015700 -0.947000 0.000018 0.321200 24
0.052010 -0.040010 -0.007270 -0.959100 -0.000002 0.283100 24
0.051810 -0.200260 -0.007920 -0.959100 0.000000 0.283100 24
0.050810 -0.102570 -0.011040 -0.959100 0.000000 0.283100 24
0.019540 -0.043820 -0.046820 0.322200 0.000000 -0.946700 24
0.020110 -0.029880 -0.046520 0.322100 0.000320 -0.946700 24
0.021110 -0.220460 -0.046000 -0.386200 -0.017700 0.922300 24
0.018340 -0.250110 -0.047430 0.322200 -0.000005 -0.946700 24
0.023560 -0.147890 0.050550 0.570200 -0.000154 0.821500 24
0.024140 -0.209510 0.050170 0.493500 0.000000 0.869700 24
0.022670 -0.323990 0.051120 0.402900 -0.000045 0.915300 24
0.027760 -0.227130 0.047860 -0.544900 0.000000 -0.838500 24
-0.069810 -0.340320 0.045700 0.000000 -1.000000 0.000000 24
-0.054510 -0.340320 0.031150 -0.059120 0.998200 0.010720 24
0.041860 -0.061810 0.035180 -0.828100 0.000316 -0.560600 24
0.035630 -0.071890 0.042020 0.541200 0.000000 0.840900 24
0.036490 -0.193510 0.041080 0.700300 0.000000 0.713900 24
-0.083270 0.333840 -0.135360 -0.478100 0.604400 -0.637300 25
-0.109190 0.330090 -0.119070 -0.530100 0.499200 -0.685400 25
0.143180 -0.422270 0.103540 0.191500 -0.981200 0.022520 24
-0.177500 0.182750 -0.017030 -0.936300 -0.329800 -0.120500 25
-0.168050 0.164660 -0.031400 -0.916200 -0.382200 -0.120400 25
-0.127690 0.105450 -0.039800 -0.679000 -0.677500 -0.282800 25
-0.134070 0.115500 -0.044550 -0.733100 -0.608500 -0.303700 25
-0.017760 0.027530 -0.051750 0.174300 -0.225200 0.958600 24
0.093080 0.388430 -0.052020 0.544300 0.798600 -0.257000 25
0.054860 0.034490 0.000710 -0.998700 -0.000004 0.050910 24
-0.075080 0.402990 -0.032690 -0.355800 0.922700 -0.148200 25
-0.026910 0.418710 0.023530 -0.118600 0.986600 0.111800 25
0.016650 0.060710 -0.028610 0.064340 -0.991600 -0.112000 24
0.134070 0.126310 0.066230 0.687700 -0.661900 0.298200 25
-0.041470 0.240930 0.181820 -0.070720 0.105700 0.991900 25
-0.014390 0.246520 0.184660 -0.159800 0.129100 0.978700 25
-0.171600 0.170850 -0.024120 -0.916100 -0.382600 -0.120200 25
-0.162800 0.153500 -0.035940 -0.900300 -0.383200 -0.206300 25
-0.063760 -0.009610 0.034080 -0.041000 -0.998900 0.020480 24
0.034550 0.399220 -0.084070 0.115100 0.918000 -0.379600 25
0.180850 0.245020 0.044770 0.969700 0.158800 0.185800 25
0.177200 0.278800 0.038740 0.967200 0.224000 0.120200 25
0.066320 0.409260 0.008460 0.378000 0.925800 0.003677 25
-0.014150 -0.423450 0.156490 -0.005796 -0.714300 0.699800 24
0.100520 0.357760 -0.098780 0.610500 0.586800 -0.532000 25
0.154500 0.270900 0.097240 0.743200 0.232200 0.627500 25
0.137840 0.240390 0.125490 0.799200 0.013860 0.601000 25
-0.187410 0.232900 0.002020 -0.991400 -0.022260 0.129100 25
-0.184270 0.214680 0.007460 -0.982900 -0.130600 0.129400 25
0.037940 0.099240 -0.120760 0.206700 -0.783600 -0.585800 25
0.075970 0.206050 -0.166110 0.379100 -0.130800 -0.916100 25
0.070350 0.231570 -0.172070 0.383900 -0.036990 -0.922600 25
0.088260 0.282150 0.158600 0.565900 0.219400 0.794700 25
0.062280 0.267880 0.171380 0.379800 0.129200 0.916000 25
-0.056030 -0.423450 -0.107200 0.000000 -1.000000 0.000000 24
-0.067030 -0.423450 -0.103480 0.000000 1.000000 0.000000 24
0.038820 0.310310 0.165640 0.089530 0.422500 0.901900 25
-0.105320 0.387250 0.023020 -0.623200 0.776900 0.089680 25
-0.018250 0.054610 0.056740 -0.275100 -0.111500 0.954900 24
0.032220 0.060250 0.050880 -0.076250 -0.993300 -0.086890 25
0.180700 0.262950 0.028020 0.972500 0.164900 0.164400 25
0.178680 0.278210 0.028100 0.964900 0.232000 0.122700 25
0.014310 0.419840 0.023280 0.090930 0.990900 0.099710 25
0.027030 0.416230 0.042510 0.163700 0.937400 0.307400 25
0.022050 0.416050 0.045650 0.083540 0.976000 0.201200 25
0.091100 0.176770 0.151600 0.535500 -0.401400 0.743000 25
0.104240 0.162150 0.133890 0.613000 -0.446400 0.651800 25
-0.000250 -0.011050 -0.050720 0.021010 0.400200 0.916200 24
-0.004320 -0.091990 -0.050530 -0.024850 0.000000 0.999700 24
-0.007260 -0.075830 -0.050390 0.165100 0.000000 0.986300 24
-0.007130 -0.132940 -0.050400 0.165100 0.000000 0.986300 24
-0.020160 -0.009610 0.059280 0.003543 1.000000 0.005777 24
-0.124420 0.212180 0.135620 -0.693300 -0.155700 0.703600 25
-0.105790 0.220580 0.151310 -0.601100 -0.112000 0.791300 25
-0.138470 -0.340320 -0.082040 -0.004292 -1.000000 -0.000071 24
-0.008310 -0.340320 -0.081760 0.000000 -1.000000 0.000000 24
-0.143360 -0.340320 -0.087990 0.007619 1.000000 -0.003052 24
-0.016470 -0.340320 0.135260 0.000000 1.000000 0.000000 24
-0.070490 -0.340320 0.135500 0.000000 1.000000 0.000000 24
0.000070 -0.375300 0.157810 0.000000 0.000000 -1.000000 24
0.013930 -0.370840 0.157810 -0.000107 -0.000107 1.000000 24
0.073630 -0.348610 0.157810 -0.033010 -0.000079 0.999500 24
0.011340 -0.381120 0.157810 0.000000 0.000000 -1.000000 24
0.070280 -0.407170 0.157810 0.032450 0.029950 0.999000 24
0.068860 -0.355840 0.157810 -0.056770 -0.000056 0.998400 24
-0.075630 0.101090 -0.103930 -0.395200 -0.761000 -0.514500 25
-0.065880 0.304870 0.158360 -0.384100 0.372500 0.844800 25
-0.074220 0.312540 0.151500 -0.303200 0.358000 0.883100 25
0.058740 0.205820 0.173210 0.380700 -0.131700 0.915300 25
0.062880 0.212980 0.172510 0.380700 -0.131700 0.915300 25
-0.139820 -0.372570 -0.121670 0.889200 0.020120 0.457100 24
0.000610 -0.340320 0.132500 0.000000 -1.000000 0.000000 24
-0.064750 -0.340320 0.131750 0.000000 -1.000000 0.000000 24
-0.003120 -0.009610 0.067320 -0.001242 0.976900 -0.213900 24
-0.079710 -0.340320 0.148910 0.000000 1.000000 0.000000 24
0.013730 0.063730 0.067160 0.135600 -0.709700 0.691400 25
-0.169300 0.164080 -0.020080 -0.916100 -0.382600 -0.120200 25
-0.052480 0.300820 0.165710 -0.283300 0.398600 0.872300 25
-0.027440 0.383100 0.110140 -0.227400 0.733100 0.641000 25
-0.026880 0.046560 0.053440 -0.367000 -0.012240 0.930100 24
0.113040 0.090910 0.024140 0.603700 -0.793200 0.079350 25
0.095410 0.093700 -0.070910 0.481600 -0.794800 -0.369300 25
0.027040 0.052680 -0.006400 0.125100 -0.991900 -0.022420 25
-0.094870 0.096700 -0.078030 -0.483000 -0.793400 -0.370400 25
0.052430 -0.147010 -0.001460 0.982300 -0.000142 -0.187200 24
0.052330 -0.261960 -0.003510 -0.959100 0.000000 0.283100 24
0.052250 -0.177520 -0.005180 -0.978900 0.000000 0.204200 24
0.052520 -0.296120 0.000490 -0.999900 0.000017 -0.010690 24
0.050410 0.325800 -0.155470 0.337100 0.495100 -0.800700 25
0.060990 0.323100 -0.152280 0.353800 0.379900 -0.854700 25
0.178290 0.288810 -0.010310 0.927300 0.331400 -0.174000 25
0.171050 0.298080 -0.036160 0.921600 0.364500 -0.133500 25
0.012470 -0.052450 -0.048990 0.177700 0.000000 -0.984100 24
0.003850 -0.058890 -0.050870 -0.104900 0.000000 0.994500 24
0.009990 -0.110150 -0.049530 0.250100 0.000000 -0.968200 24
0.006670 -0.178740 -0.050250 0.177700 0.000000 -0.984100 24
0.122120 0.374230 0.024270 0.600700 0.772300 0.206600 25
-0.007200 0.349310 -0.146620 -0.065790 0.607500 -0.791600 25
-0.002810 0.364940 -0.135210 -0.058380 0.626000 -0.777700 25
0.049820 0.139850 -0.152110 0.273200 -0.614500 -0.740100 25
-0.133970 0.105080 0.000670 -0.735400 -0.674500 0.065740 25
-0.160410 0.140800 0.009810 -0.888800 -0.442400 0.119900 25
-0.074440 0.385690 0.080820 -0.408400 0.767800 0.493600 25
-0.088450 -0.341700 -0.153970 -0.199100 0.249500 -0.947700 24
-0.096490 -0.340320 -0.064340 0.005934 0.999500 -0.029790 24
-0.077780 -0.340320 -0.057270 0.000000 1.000000 0.000000 24
0.156990 0.320940 -0.051950 0.840100 0.360700 -0.405100 25
0.160360 0.307150 -0.058610 0.854500 0.381000 -0.353100 25
0.050930 -0.088000 0.016010 0.960000 0.000068 0.279900 24
0.051030 -0.198570 0.015540 0.972500 0.000044 0.233100 24
0.050210 -0.121190 0.019300 0.954500 0.000000 0.298300 24
0.050160 -0.246580 0.019530 0.969200 0.000000 0.246400 24
0.150140 0.340480 0.031950 0.777700 0.619700 0.106100 25
-0.065490 0.066550 -0.038160 -0.322100 -0.924700 -0.202700 25
0.077910 0.379290 0.088580 0.345700 0.797100 0.495100 25
0.000370 0.398680 0.092920 0.062720 0.883900 0.463400 25
0.008490 0.136130 0.156980 0.112700 -0.611100 0.783500 25
0.019650 0.125830 0.147530 0.072850 -0.584300 0.808200 25
0.042650 0.106230 0.018880 0.587100 -0.775400 0.232400 24
0.026460 0.070770 0.081450 0.124800 -0.923300 0.363200 25
0.112730 0.311000 0.126520 0.568300 0.284600 0.772000 25
-0.160390 0.148110 0.037070 -0.909900 -0.389200 0.143800 25
0.076930 0.067950 0.017550 0.379100 -0.924000 0.050030 25
0.000510 0.292790 0.177940 0.028900 0.414500 0.909600 25
0.031180 0.327640 0.159460 0.189200 0.326600 0.926000 25
-0.102260 0.099850 0.075150 -0.484600 -0.792600 0.370100 25
0.070430 0.137040 -0.141240 0.303500 -0.607600 -0.734000 25
0.114230 0.210840 0.143220 0.620000 -0.169200 0.766100 25
0.101020 0.228880 0.156350 0.581200 -0.191000 0.791100 25
-0.030510 0.228110 -0.183020 -0.132200 -0.133200 -0.982200 25
-0.026360 0.215580 -0.181900 -0.131000 -0.132200 -0.982500 25
0.178240 0.267600 -0.042020 0.990600 0.069690 -0.117400 25
0.176690 0.276880 -0.044570 0.965100 0.183600 -0.186900 25
0.028320 -0.340320 -0.093110 0.000000 -1.000000 0.000000 24
0.151830 0.218820 -0.104730 0.784300 -0.207800 -0.584600 25
0.156070 0.224170 -0.100360 0.825900 -0.112100 -0.552600 25
-0.024320 0.266000 -0.180780 -0.126800 0.128600 -0.983600 25
-0.020430 0.261680 -0.181860 -0.129400 0.129400 -0.983100 25
-0.051780 0.162120 0.162190 -0.277400 -0.448300 0.849700 25
-0.051340 0.176060 0.168630 -0.391600 -0.342800 0.853900 25
0.026950 0.418870 0.021420 0.109800 0.990900 0.077800 25
0.009250 0.324720 -0.163560 0.063520 0.431400 -0.899900 25
0.034020 -0.001220 0.065260 0.488800 -0.009343 0.872400 24
-0.088260 -0.423450 0.144650 0.000000 -1.000000 0.000000 24
-0.038230 0.408240 -0.058040 -0.292000 0.925100 -0.242900 25
-0.000400 -0.009610 0.056840 -0.183400 0.823300 -0.537100 24
-0.023710 0.127140 -0.148010 -0.103300 -0.609100 -0.786400 25
-0.118610 -0.419630 -0.142740 0.515300 0.362800 0.776400 24
-0.082980 0.233430 -0.167100 -0.383000 -0.092900 -0.919100 25
-0.081210 0.225680 -0.166730 -0.379400 -0.130800 -0.915900 25
0.116520 0.140860 0.111590 0.719400 -0.383700 0.579000 25
0.117920 0.135900 0.103520 0.664000 -0.579500 0.472400 25
0.163620 0.155130 0.034840 0.929800 -0.342600 0.134800 25
0.101070 -0.423450 -0.116610 0.000000 1.000000 0.000000 24
-0.041140 -0.423450 -0.118570 0.000000 1.000000 0.000000 24
0.095020 0.088440 0.060150 0.468300 -0.764600 0.442800 25
-0.079110 -0.340320 -0.116660 0.000000 -1.000000 0.000000 24
0.103640 -0.423450 -0.140050 0.135700 -0.952400 -0.273100 24
0.165550 0.316500 0.020000 0.926400 0.364800 0.093250 25
0.160460 0.322850 0.038670 0.917100 0.379900 0.120500 25
-0.103420 -0.423450 -0.091010 0.000000 -1.000000 0.000000 24
0.101750 -0.423450 -0.085160 0.000000 -1.000000 0.000000 24
-0.120470 -0.354960 0.148390 0.553000 0.000227 -0.833200 24
0.102650 0.227020 -0.154790 0.606900 -0.113700 -0.786600 25
0.115210 0.228150 -0.145340 0.601900 -0.112100 -0.790600 25
0.162540 0.167370 -0.056630 0.884100 -0.306700 -0.352700 25
0.165510 0.185100 -0.068650 0.839000 -0.431100 -0.332000 25
-0.082330 -0.341800 -0.154370 0.265000 -0.929400 0.257000 24
0.084490 0.105680 0.103290 0.486000 -0.682100 0.546400 25
0.078220 0.129260 0.130900 0.478400 -0.628000 0.613800 25
-0.149560 0.131140 0.035480 -0.786400 -0.608800 0.104900 25
-0.038580 -0.423450 0.028860 -0.005933 0.999700 -0.023790 24
-0.012620 0.051260 0.058280 -0.275100 -0.111500 0.954900 24
-0.125460 0.131160 -0.087710 -0.631100 -0.605900 -0.484400 25
0.101860 0.107730 -0.088940 0.625800 -0.622300 -0.470200 25
0.108230 0.127130 -0.105090 0.589900 -0.624000 -0.512500 25
0.016470 -0.056000 0.053290 -0.341200 0.000000 -0.940000 24
0.021810 -0.054200 0.051580 0.425700 0.000000 0.904900 24
0.021410 -0.109120 0.051710 -0.427900 -0.000013 -0.903800 24
-0.004920 0.117990 -0.020790 -0.049960 -0.991600 -0.119300 24
-0.038710 0.063190 0.008020 -0.125100 -0.991600 0.032600 24
0.096830 -0.398540 -0.146140 -0.396400 -0.000114 0.918100 24
0.154050 0.196710 -0.097060 0.819900 -0.081750 -0.566700 25
-0.143630 0.280800 0.109290 -0.786700 0.129800 0.603600 25
-0.131740 0.280720 0.124800 -0.754200 0.155100 0.638000 25
-0.121730 0.129430 0.090390 -0.629400 -0.608700 0.483100 25
0.092030 0.080350 0.042940 0.591800 -0.762700 0.260800 25
0.041320 0.414880 0.033870 0.337300 0.926800 0.165100 25
-0.069380 0.023350 -0.007090 -0.680000 0.728800 -0.080340 24
0.140280 0.138830 -0.076320 0.689500 -0.621000 -0.372700 25
-0.054300 -0.182370 -0.002630 -0.990800 0.000000 -0.135300 24
-0.053650 -0.236130 -0.005630 0.979200 0.000000 0.203000 24
-0.053960 -0.304910 -0.004210 0.979200 0.000000 0.203000 24
-0.052650 -0.332350 -0.010200 -0.950100 0.293700 -0.105200 24
-0.148960 -0.340320 0.091770 0.618100 -0.786000 -0.013180 24
-0.038570 -0.340320 0.058050 0.000000 -1.000000 0.000000 24
0.068120 0.194870 0.167760 0.459100 -0.159500 0.873900 25
-0.054500 -0.423450 0.103710 0.000000 -1.000000 0.000000 24
-0.042890 -0.423450 0.107360 0.000000 0.999400 -0.035720 24
0.069310 0.162920 0.155290 0.355200 -0.359300 0.863000 25
0.070590 0.183590 0.164030 0.401200 -0.380100 0.833400 25
0.116880 0.157720 -0.121870 0.572400 -0.387400 -0.722700 25
0.109710 0.164290 -0.130800 0.562200 -0.382400 -0.733300 25
-0.074720 -0.405700 -0.154580 -0.000216 0.000000 -1.000000 24
-0.068940 -0.361030 -0.154580 -0.000107 -0.000000 1.000000 24
0.000190 -0.359090 -0.154580 0.000000 0.000000 -1.000000 24
-0.076490 -0.384160 -0.154580 -0.000216 0.000000 -1.000000 24
-0.067670 -0.352910 -0.154580 -0.000107 -0.000000 1.000000 24
0.002880 -0.374500 -0.154580 0.000000 0.000000 -1.000000 24
-0.025540 -0.372130 -0.154580 0.000000 0.000000 1.000000 24
0.140420 0.311020 0.094600 0.735400 0.314900 0.600000 25
0.147290 0.309770 0.086490 0.784400 0.364300 0.502000 25
0.031650 -0.252190 -0.039880 -0.615500 0.000000 0.788100 24
0.039000 -0.021150 -0.033180 -0.725000 0.000022 0.688700 24
0.034510 -0.145330 -0.037280 -0.646100 -0.011960 0.763200 24
0.034110 -0.112280 -0.037640 0.707900 0.000000 -0.706300 24
-0.000160 0.050760 0.013160 -0.001760 -0.992000 0.126400 25
-0.041230 -0.340320 0.096260 0.000000 -1.000000 0.000000 24
-0.040340 -0.423450 0.147920 0.000000 1.000000 0.003027 24
0.168350 0.307260 -0.027750 0.950800 0.290800 -0.106400 25
0.173310 0.296930 -0.022620 0.903600 0.371000 -0.214300 25
0.047610 0.416010 0.017570 0.335600 0.930700 0.145400 25
0.173200 0.286280 0.050020 0.898800 0.324900 0.294400 25
0.159870 0.297800 0.069840 0.853900 0.380900 0.354700 25
-0.013260 -0.090180 0.054700 -0.208100 0.000000 0.978100 24
-0.007730 -0.117080 0.055900 0.166700 0.000000 -0.986000 24
-0.006980 -0.011820 0.056070 0.184500 0.457900 -0.869700 24
-0.050120 0.248820 -0.179110 -0.301800 0.128600 -0.944700 25
-0.068080 0.269680 -0.168720 -0.378100 0.129000 -0.916700 25
-0.099850 0.079850 -0.013910 -0.603800 -0.793200 -0.079090 25
0.034400 -0.340320 -0.122650 0.000000 -1.000000 0.000000 24
0.128360 -0.407970 -0.120420 -0.811600 0.000000 0.584200 24
0.065380 -0.376780 -0.154250 0.189800 0.000005 -0.981800 24
-0.083590 0.100320 0.096560 -0.375100 -0.787400 0.489200 25
0.085960 0.071680 0.018130 0.378800 -0.924000 0.051510 25
-0.132200 0.349510 0.062770 -0.773100 0.549200 0.317400 25
-0.134600 0.344750 0.066460 -0.773100 0.549200 0.317400 25
0.143150 0.348420 -0.038510 0.769600 0.579600 -0.267800 25
-0.094930 0.102230 0.089800 -0.492300 -0.679200 0.544400 25
0.027020 0.099930 -0.124520 0.165600 -0.802000 -0.573900 25
0.002660 0.095160 -0.121450 0.043660 -0.793600 -0.606900 25
0.033290 0.404020 -0.072160 0.148000 0.897800 -0.414800 25
0.164950 0.150960 0.011500 0.917700 -0.376700 0.126100 25
0.057380 0.159470 -0.158680 0.352700 -0.383100 -0.853700 25
0.048260 0.148120 -0.157380 0.339300 -0.407600 -0.847800 25
-0.165810 0.288510 -0.065450 -0.854000 0.379500 -0.355800 25
-0.161740 0.312650 -0.049370 -0.901500 0.393400 -0.180300 25
0.061130 -0.340320 0.155950 0.000000 0.852000 0.523500 24
-0.025200 0.117990 0.036270 -0.306400 -0.826100 0.472900 24
0.010470 0.079230 -0.099480 0.079520 -0.793400 -0.603500 25
0.036920 -0.127460 -0.035070 -0.653800 0.000000 0.756700 24
0.100910 0.250970 -0.154970 0.548200 0.128000 -0.826500 25
0.105220 0.276490 -0.147460 0.603200 0.130100 -0.786900 25
-0.044320 0.023350 -0.048080 -0.211300 0.947500 -0.240000 24
0.006840 0.054560 0.041450 -0.389300 -0.871400 -0.298600 25
-0.179200 0.275430 -0.026930 -0.983000 0.130100 -0.129500 25
-0.180580 0.253890 -0.037930 -0.980700 0.127500 -0.148400 25
0.002920 0.355600 0.142360 0.091920 0.606500 0.789800 25
0.004500 0.333220 0.159330 0.112700 0.378200 0.918800 25
-0.016040 0.073330 0.090240 -0.069560 -0.889400 0.451800 25
-0.017240 0.412680 0.056360 -0.189900 0.918200 0.347600 25
0.127820 -0.386930 0.132990 -0.729500 -0.000022 -0.684000 24
-0.024550 -0.027920 0.050600 0.465500 0.000000 -0.885000 24
-0.020070 -0.161700 0.052910 0.411600 0.000000 -0.911300 24
-0.022480 -0.171070 0.051670 -0.493700 -0.000166 0.869600 24
0.009650 0.421610 -0.010060 0.089740 0.990700 -0.102500 25
0.030970 0.390350 0.099100 0.087130 0.790900 0.605700 25
0.057660 0.060250 -0.017550 0.344000 -0.930900 -0.123300 25
0.137690 0.152000 -0.092370 0.732400 -0.383300 -0.562700 25
0.047160 0.402330 -0.069000 0.234600 0.921700 -0.308900 25
0.155690 0.134190 0.006830 0.764200 -0.643100 -0.049580 25
-0.093540 0.075330 0.016670 -0.470100 -0.878900 0.080650 25
0.142600 -0.405470 0.105770 0.959000 -0.023870 0.282300 24
-0.139530 0.167000 -0.100190 -0.732900 -0.382600 -0.562600 25
-0.121550 0.147240 -0.110160 -0.733100 -0.382600 -0.562300 25
-0.091490 0.122200 -0.113900 -0.483000 -0.608700 -0.629400 25
0.045220 0.088090 0.102010 0.201600 -0.825500 0.527100 25
-0.078760 0.403910 0.012070 -0.374300 0.927000 0.021990 25
-0.012440 0.056870 0.052430 -0.075240 -0.927900 -0.365100 24
0.129790 -0.355790 -0.118280 -0.811600 0.000362 0.584200 24
-0.147690 -0.401980 0.115620 -0.915900 0.000000 0.401400 24
-0.035640 0.408940 0.057900 -0.221500 0.929500 0.294900 25
0.130300 -0.384930 -0.117530 -0.856400 0.000000 0.516200 24
-0.075280 -0.340320 0.036650 0.000000 -1.000000 0.000000 24
-0.073610 -0.340320 0.152300 -0.030440 -0.024570 0.999200 24
-0.107590 0.092490 -0.046730 -0.563100 -0.793100 -0.232300 25
-0.040160 0.078270 -0.011070 -0.098250 -0.995000 -0.019740 24
0.147280 0.225810 0.112180 0.793700 -0.121000 0.596200 25
0.044700 -0.102740 0.030960 -0.828100 0.000000 -0.560500 24
0.047880 -0.016320 0.024800 0.910700 -0.319800 0.261300 24
0.045130 -0.200450 0.030120 -0.895400 0.000000 -0.445300 24
0.044300 -0.207240 0.031730 -0.828100 0.000001 -0.560500 24
0.106000 0.142340 0.122190 0.446100 -0.537400 0.715700 25
-0.024710 -0.127350 -0.045350 0.454700 0.000007 0.890600 24
-0.033210 -0.332340 -0.039900 0.535300 -0.025770 0.844300 24
-0.027120 -0.205180 -0.043810 0.455400 -0.000015 0.890300 24
-0.026670 -0.287680 -0.044100 -0.508100 0.000001 -0.861300 24
0.087280 -0.340320 0.145660 0.000067 0.999400 -0.035710 24
0.003410 0.004140 0.074830 0.166600 -0.023790 0.985700 24
0.055330 0.173110 -0.165650 0.354300 -0.384800 -0.852300 25
0.067420 0.145070 -0.148070 0.320600 -0.454400 -0.831100 25
0.047650 0.152570 0.159620 0.354400 -0.382500 0.853300 25
-0.007250 -0.146710 0.056010 -0.096020 -0.000042 0.995400 24
-0.009280 -0.055350 0.055560 -0.208100 0.000000 0.978100 24
-0.007450 -0.219100 0.055970 -0.096020 0.000004 0.995400 24
-0.050810 0.281860 0.174150 -0.351100 0.208400 0.912800 25
-0.054320 0.260060 0.175780 -0.383100 0.144500 0.912300 25
-0.055810 -0.009610 0.007920 0.095860 0.995400 -0.008430 24
0.179690 0.268750 -0.029840 0.977900 0.154900 -0.140300 25
0.181720 0.260810 -0.022380 0.978100 0.142100 -0.152100 25
0.133030 0.341710 0.076280 0.712000 0.606200 0.354200 25
0.117940 0.365660 0.065100 0.696600 0.656900 0.288500 25
0.145220 0.349670 -0.015800 0.731400 0.676700 -0.084120 25
0.138360 0.359770 -0.009010 0.785400 0.610600 -0.101900 25
0.013120 -0.009610 -0.062040 0.035780 -0.995700 -0.085190 24
0.137410 0.111320 -0.011300 0.786800 -0.598600 -0.150400 25
-0.065620 -0.009610 -0.019030 -0.948500 -0.105800 -0.298600 24
0.128650 0.322540 0.102170 0.734000 0.380100 0.562800 25
0.142920 -0.340320 -0.070480 0.108600 0.994000 -0.016580 24
0.075490 -0.340320 -0.064460 -0.029800 0.999500 0.005954 24
-0.111140 -0.341090 -0.146970 -0.248500 0.912900 -0.324000 24
0.012630 0.084820 -0.035680 0.032620 -0.991500 -0.125600 24
-0.054120 -0.202140 0.006050 -0.998900 0.000000 -0.046490 24
-0.053900 -0.185440 0.010740 -0.962400 0.000000 0.271800 24
-0.054050 -0.191950 0.007630 0.996200 -0.023480 0.084310 24
-0.053990 -0.230730 0.008910 0.999400 0.000000 -0.035460 24
0.066760 0.064560 -0.022750 0.356700 -0.925300 -0.128900 25
-0.066630 0.072860 0.061700 -0.333800 -0.901900 0.274200 25
0.029870 0.196810 -0.178950 0.129500 -0.130600 -0.982900 25
0.047010 0.208730 -0.178270 0.297000 -0.134400 -0.945400 25
-0.050140 0.413520 -0.027060 -0.322800 0.936400 -0.137900 25
-0.042630 0.326150 0.158530 -0.248600 0.360400 0.899100 25
-0.047610 0.328770 0.155300 -0.358000 0.496000 0.791100 25
-0.105740 0.358120 -0.091530 -0.631300 0.605700 -0.484400 25
-0.114730 0.344640 -0.096650 -0.631400 0.605500 -0.484500 25
0.067960 -0.340830 -0.154080 0.133500 0.134400 -0.981900 24
-0.057780 0.023350 0.045530 -0.736100 0.225800 0.638100 24
0.040810 -0.006510 0.060620 0.583200 -0.323800 0.745000 24
0.180040 0.277110 -0.018860 0.977900 0.154900 -0.140300 25
0.184020 0.255050 -0.010710 0.978400 0.189300 -0.083160 25
0.073540 -0.340320 -0.102770 0.000000 1.000000 0.000000 24
-0.110500 -0.340320 -0.104530 0.000000 1.000000 -0.000003 24
-0.074570 0.134790 0.137660 -0.304700 -0.608600 0.732600 25
-0.097240 0.104010 -0.090280 -0.606000 -0.617500 -0.501400 25
-0.117590 0.121940 -0.086340 -0.629600 -0.608800 -0.482700 25
-0.150540 -0.392470 -0.095160 0.987300 -0.000001 0.158600 24
-0.060240 0.396180 -0.074630 -0.266500 0.870900 -0.413000 25
0.106570 0.091820 0.046910 0.527100 -0.811000 0.253700 25
0.037610 0.408030 -0.059130 0.165600 0.941700 -0.293000 25
0.015750 -0.340320 0.143490 0.000000 -0.986000 -0.166800 24
-0.037230 -0.423450 0.153640 0.000000 -0.709600 0.704600 24
0.032090 -0.340320 -0.152840 0.000007 -0.567700 0.823200 24
0.052610 -0.155180 0.002450 0.999700 0.012300 0.019550 24
0.052430 -0.102010 -0.001360 0.999700 -0.000189 0.026240 24
0.052580 -0.054960 0.001760 -0.999700 0.000000 0.023760 24
0.163230 0.322680 -0.018170 0.928900 0.346300 -0.130800 25
-0.029720 -0.060140 0.047930 0.505700 0.000000 -0.862700 24
-0.030910 -0.210920 0.047310 0.578200 0.000000 -0.815900 24
-0.028560 -0.255050 0.048530 0.508400 0.000057 -0.861100 24
-0.028630 -0.093400 0.048490 -0.495000 0.017530 0.868700 24
-0.082180 0.070180 0.018880 -0.367200 -0.926500 0.082080 25
0.116250 -0.398410 -0.133340 -0.649600 0.017770 0.760000 24
-0.011950 0.352540 -0.143520 -0.104200 0.605700 -0.788900 25
-0.005130 0.353840 -0.143420 -0.073100 0.607300 -0.791100 25
-0.070500 0.331920 0.143490 -0.305000 0.614700 0.727400 25
-0.049520 0.340820 0.144850 -0.283500 0.654200 0.701200 25
-0.046520 -0.009610 0.045060 -0.151300 -0.968200 0.199400 24
-0.051890 -0.207400 0.018370 0.974300 0.000000 -0.225100 24
-0.050150 -0.196770 0.023840 -0.948100 0.000000 0.318000 24
-0.050170 -0.150740 0.023780 -0.924200 -0.000040 0.382000 24
-0.049660 -0.233320 0.025360 -0.860600 0.000000 0.509400 24
0.035860 0.077560 0.015360 0.083530 -0.995200 0.050120 24
-0.177680 0.186590 0.027900 -0.966800 -0.223800 0.123100 25
-0.178890 0.186960 0.019900 -0.934600 -0.333100 0.124600 25
-0.151230 -0.412370 0.102060 -0.989600 -0.000055 0.144100 24
-0.035470 0.401460 0.077880 -0.084620 0.942000 0.324900 25
0.038540 0.369970 -0.124470 0.246100 0.792500 -0.558000 25
0.033120 -0.029710 -0.038540 -0.646700 0.000000 0.762800 24
0.034130 -0.072790 -0.037620 0.673400 -0.000002 -0.739300 24
-0.032470 0.147860 0.160890 -0.116200 -0.455400 0.882700 25
-0.004820 0.170160 0.173850 -0.128300 -0.369400 0.920400 25
-0.154180 0.150970 -0.059070 -0.842900 -0.406300 -0.352800 25
-0.150690 0.154150 -0.070920 -0.853400 -0.383200 -0.353500 25
0.012030 0.117990 0.005640 0.107200 -0.991800 0.070120 24
0.046310 -0.326450 0.027840 -0.868600 -0.000010 -0.495400 24
0.045830 -0.283440 0.028780 -0.868600 0.000000 -0.495400 24
0.045000 -0.308950 0.030390 -0.868600 0.000000 -0.495400 24
0.049070 -0.319930 0.022490 0.881400 0.000006 0.472300 24
-0.053920 0.023350 -0.027130 0.288800 -0.934800 0.206600 24
0.016880 0.144740 -0.161640 0.122300 -0.385700 -0.914500 25
0.069380 -0.005980 0.007480 0.999700 -0.021870 0.008523 24
0.139910 -0.388430 0.113690 -0.919200 0.000000 -0.393800 24
0.104620 0.200530 0.148880 0.602600 -0.131300 0.787200 25
-0.045900 -0.423450 -0.125200 0.000000 1.000000 0.000000 24
-0.009710 -0.423450 -0.124240 0.000000 -1.000000 0.000000 24
-0.136650 0.119520 0.046380 -0.733100 -0.609200 0.302300 25
-0.114010 0.131090 0.102550 -0.625900 -0.605400 0.491600 25
0.042040 0.050200 -0.033660 0.820600 -0.186100 -0.540400 24
0.088540 0.378740 0.079130 0.507300 0.787000 0.351200 25
-0.167950 0.303300 0.043220 -0.910800 0.377000 0.168100 25
-0.178940 0.288020 0.007890 -0.920800 0.381500 0.081100 25
0.085730 0.343080 0.124620 0.497200 0.600500 0.626300 25
-0.115300 0.268670 -0.141010 -0.603200 0.129400 -0.787000 25
-0.100680 0.271430 -0.151770 -0.603700 0.129900 -0.786600 25
0.182690 0.209470 -0.014170 0.987400 -0.089710 -0.130500 25
0.182870 0.226980 -0.030480 0.988700 -0.106600 -0.105500 25
0.077850 0.163440 0.151990 0.361400 -0.342900 0.867100 25
0.085460 0.177150 0.154990 0.263800 -0.353200 0.897600 25
0.050400 -0.312390 0.018430 0.972900 -0.000111 0.231400 24
0.052210 -0.332500 0.010160 0.957700 0.150300 0.245300 24
0.051530 -0.234710 0.013270 0.983300 -0.000001 0.182100 24
0.052720 -0.311530 0.007840 0.987700 -0.011630 0.156000 24
0.098280 0.103360 0.087860 0.561200 -0.751200 0.347400 25
0.090490 0.092100 0.073890 0.556400 -0.750900 0.355900 25
-0.045600 -0.336010 0.031850 -0.857500 0.267400 0.439500 24
-0.042720 -0.119340 0.036350 0.792300 0.000000 -0.610100 24
-0.042220 -0.063240 0.037110 0.742500 0.000000 -0.669800 24
-0.045900 -0.268450 0.031390 0.882600 0.000000 -0.470200 24
-0.075160 0.128010 0.131780 -0.385800 -0.610600 0.691600 25
-0.055310 0.123070 0.135900 -0.303700 -0.608800 0.732800 25
0.002950 0.182570 -0.179280 -0.076300 -0.376200 -0.923400 25
0.014900 0.167940 -0.171600 0.121000 -0.383700 -0.915500 25
-0.057880 0.056870 -0.000390 -0.914500 -0.402300 -0.042510 24
-0.114260 -0.423450 -0.038890 0.000000 1.000000 0.000000 24
-0.135320 -0.423450 0.063720 -0.000538 1.000000 0.000107 24
-0.127600 -0.423450 0.005430 -0.000000 0.997500 0.071220 24
-0.106410 -0.423450 0.021330 0.000000 -1.000000 0.000000 24
-0.134070 -0.423450 0.050580 -0.000538 1.000000 0.000000 24
-0.131590 -0.423450 0.031620 0.000000 -1.000000 0.000000 24
-0.127750 -0.423450 -0.053000 0.000000 -1.000000 0.000000 24
-0.073510 -0.423450 0.021850 0.000000 -1.000000 0.000000 24
-0.079550 -0.423450 -0.005470 0.000000 0.999400 0.035670 24
-0.088130 -0.423450 -0.034160 0.000000 1.000000 0.000000 24
-0.116730 -0.423450 -0.051100 0.000000 1.000000 0.000000 24
-0.133100 -0.423450 0.041460 0.000000 -1.000000 0.000000 24
-0.042950 -0.423450 0.007170 0.000000 -1.000000 0.000000 24
-0.083560 -0.423450 0.044170 0.000000 -1.000000 0.000000 24
-0.069790 -0.423450 0.001480 0.000000 0.999400 0.035670 24
-0.057010 -0.423450 -0.027950 0.000000 -1.000000 0.000000 24
-0.136360 -0.423450 0.023830 -0.000537 1.000000 0.000000 24
-0.046100 -0.423450 -0.011200 0.000000 -1.000000 0.000000 24
-0.113170 -0.423450 0.052450 0.000000 -1.000000 0.000000 24
0.048950 0.405540 0.057950 0.197700 0.919400 0.339900 25
-0.060440 0.062060 0.022220 -0.474600 -0.856300 0.203600 25
-0.151150 0.329840 -0.056120 -0.822800 0.443100 -0.356000 25
-0.139610 0.344290 -0.055270 -0.735200 0.605500 -0.304600 25
0.049760 -0.269000 -0.014350 -0.947000 0.000000 0.321100 24
0.050480 -0.251330 -0.012090 -0.959100 0.000000 0.283100 24
0.051460 -0.319600 -0.009000 0.965400 -0.011600 -0.260600 24
0.049650 -0.309290 -0.014700 0.951300 -0.016630 -0.308000 24
0.130310 0.117090 -0.056820 0.733400 -0.608200 -0.303700 25
-0.142940 0.253000 0.116140 -0.786800 0.129700 0.603400 25
0.070740 -0.411010 -0.153900 0.143700 -0.023490 -0.989300 24
0.028750 0.182300 0.175780 0.113400 -0.360600 0.925800 25
0.022340 0.180190 0.175740 0.135700 -0.369600 0.919200 25
-0.092840 -0.391760 -0.153110 0.192600 0.005156 0.981300 24
-0.034680 -0.009610 0.056400 -0.152400 -0.955100 0.254000 24
-0.078350 0.262270 -0.165510 -0.379700 0.130200 -0.915900 25
-0.082690 0.244740 -0.166190 -0.379700 0.129100 -0.916100 25
-0.010530 0.117990 0.044140 -0.064690 -0.924400 0.375900 24
0.175650 0.297570 0.002860 0.915700 0.401800 -0.001071 25
0.170510 0.307720 0.009880 0.920400 0.384500 0.070150 25
-0.113490 0.344540 0.098390 -0.649500 0.602200 0.464200 25
-0.169280 0.285740 -0.060060 -0.854000 0.379500 -0.355800 25
-0.168260 0.292500 -0.055240 -0.867000 0.338600 -0.365600 25
-0.154580 0.305320 0.074520 -0.854600 0.379900 0.354000 25
-0.148390 0.311640 0.082680 -0.821800 0.382500 0.422200 25
-0.037000 -0.009610 -0.048380 0.416800 0.803100 0.425800 24
-0.109600 0.346880 -0.100550 -0.631900 0.605000 -0.484400 25
0.139260 -0.404240 -0.100940 -0.930700 -0.000191 0.365800 24
-0.170670 0.255220 -0.068300 -0.916000 0.129600 -0.379700 25
-0.166330 0.236380 -0.085200 -0.923600 -0.040690 -0.381200 25
0.119210 0.376470 -0.024140 0.608800 0.792600 -0.034110 25
-0.041470 -0.244110 0.037960 -0.763800 0.000000 0.645400 24
-0.038800 -0.222380 0.040400 -0.703900 0.000000 0.710300 24
-0.041790 -0.087160 0.037670 -0.763800 0.000000 0.645400 24
-0.032180 -0.331350 0.046430 -0.565000 0.030440 0.824500 24
0.022530 0.052520 0.014150 0.122700 -0.991700 0.039740 25
-0.113070 -0.423450 -0.109660 0.000000 1.000000 0.000000 24
0.095530 -0.423450 -0.106180 0.000000 1.000000 0.000000 24
0.048900 -0.256460 -0.017050 -0.922400 0.000000 0.386300 24
0.048420 -0.237310 -0.018550 -0.922400 0.000000 0.386300 24
-0.174990 0.173490 0.006720 -0.919000 -0.383400 0.091490 25
-0.164670 0.147330 0.002120 -0.921700 -0.387500 0.018950 25
-0.003070 0.242910 -0.186620 -0.015070 0.107500 -0.994100 25
-0.021510 0.276600 -0.179760 -0.126800 0.128600 -0.983600 25
0.082830 -0.340320 0.051890 0.000000 -1.000000 0.000000 24
-0.071020 0.250970 -0.170140 -0.378400 0.129400 -0.916500 25
0.152470 0.165370 -0.078760 0.835800 -0.427400 -0.344700 25
0.157110 0.145160 -0.045690 0.837800 -0.402400 -0.369100 25
0.085990 -0.389470 -0.150430 -0.289200 0.023690 0.957000 24
0.072160 -0.367330 -0.153700 0.138100 0.001546 -0.990400 24
0.053120 -0.423450 -0.134350 0.000000 0.999400 0.035340 24
-0.144230 0.142170 -0.073490 -0.776700 -0.518100 -0.358300 25
-0.144750 0.137400 -0.062670 -0.771200 -0.549700 -0.321200 25
-0.115710 -0.364790 0.150930 0.553000 0.000000 -0.833200 24
-0.033170 0.056870 0.034020 0.096450 -0.603400 -0.791600 24
0.129520 0.314910 -0.106170 0.752900 0.351400 -0.556500 25
0.141860 0.314570 -0.090330 0.733500 0.380100 -0.563400 25
0.082130 0.069520 -0.007230 0.380200 -0.923500 -0.050000 25
-0.051750 0.381620 -0.102710 -0.247500 0.792200 -0.557800 25
-0.088700 -0.423450 -0.081990 0.000000 1.000000 0.000000 24
0.043030 0.320170 -0.160990 0.334200 0.381500 -0.861800 25
0.021120 0.300250 -0.172130 0.121100 0.379400 -0.917300 25
0.049670 -0.340320 -0.017280 -0.912900 -0.093740 0.397300 24
-0.030620 -0.340320 -0.153160 0.000000 0.990000 -0.141100 24
0.156120 0.135980 -0.014110 0.786600 -0.608700 -0.103600 25
-0.113900 0.315580 -0.123250 -0.562700 0.379800 -0.734200 25
-0.107920 0.299780 -0.136010 -0.562700 0.379800 -0.734200 25
0.049500 -0.328600 0.021680 -0.954100 -0.000005 -0.299400 24
0.045250 -0.337870 0.029900 -0.302900 -0.941100 -0.150500 24
-0.016970 0.417110 0.044630 -0.189900 0.918200 0.347600 25
-0.126490 -0.402610 -0.136840 0.659200 0.000000 0.752000 24
0.052650 0.017840 0.049840 0.741400 -0.025060 0.670600 24
0.001190 -0.340320 -0.140440 -0.000227 -1.000000 -0.001748 24
0.063440 -0.340320 -0.048670 0.000000 1.000000 0.000000 24
-0.039800 0.068220 0.069270 -0.165100 -0.925300 0.341500 25
-0.008560 -0.340320 -0.092900 0.000000 1.000000 0.000000 24
-0.071040 -0.340320 -0.096940 -0.023820 0.999600 0.011910 24
-0.113890 -0.340320 -0.091940 -0.000007 1.000000 -0.000015 24
0.006900 0.055660 -0.048410 0.040890 -0.798000 -0.601200 25
-0.033210 0.418960 -0.006630 -0.174600 0.984500 0.015430 25
-0.136760 0.359340 0.023650 -0.789300 0.605100 0.104200 25
-0.170770 0.268670 0.063460 -0.916000 0.129800 0.379500 25
-0.114940 0.100470 0.056160 -0.642600 -0.710600 0.286600 25
-0.090280 0.081030 0.049480 -0.496600 -0.804600 0.325400 25
-0.057700 0.402690 -0.059820 -0.271600 0.928500 -0.253200 25
0.095410 0.395550 0.016110 0.599200 0.800300 0.022540 25
-0.056710 0.055990 0.016140 0.760900 -0.193800 -0.619300 24
0.097030 0.320670 0.133560 0.574700 0.407100 0.709900 25
0.027650 -0.264460 -0.042620 0.621600 0.000627 -0.783400 24
0.025090 -0.270440 -0.043940 -0.558700 0.017580 0.829200 24
0.027290 -0.205540 -0.042810 -0.430600 -0.000074 0.902500 24
0.026720 -0.187090 -0.043100 0.478500 0.000000 -0.878100 24
0.017020 0.238380 -0.185380 0.128300 0.112800 -0.985300 25
0.023440 0.242870 -0.183940 0.128300 0.112800 -0.985300 25
0.026880 0.254430 -0.181970 0.129600 0.129600 -0.983100 25
0.005970 0.417050 -0.047790 0.042210 0.987100 -0.154100 25
0.154080 0.337960 0.016720 0.787600 0.611100 0.078420 25
0.155360 0.338200 0.005650 0.791500 0.610700 0.021520 25
-0.080880 -0.340320 -0.049830 0.000000 1.000000 0.000000 24
0.074930 0.376760 0.094990 0.288900 0.788400 0.543100 25
0.057470 0.386790 0.092050 0.406400 0.789600 0.459800 25
0.118890 0.334340 0.104100 0.658600 0.611500 0.438500 25
0.114110 0.364880 0.072180 0.600500 0.633800 0.487600 25
0.102870 0.368290 0.082570 0.537400 0.705100 0.462500 25
0.041180 0.051100 0.039720 -0.670800 -0.403500 -0.622300 24
-0.037300 -0.009610 0.064130 -0.053030 -0.992800 0.107700 24
-0.149580 -0.388660 -0.099990 0.987300 -0.000001 0.158600 24
-0.039060 -0.340320 -0.049810 0.000654 -1.000000 0.000654 24
-0.036930 0.058040 0.011810 -0.125100 -0.991600 0.032600 24
-0.101200 -0.387990 -0.150990 0.273200 0.029060 0.961500 24
-0.054210 -0.099560 0.004120 -0.993900 0.000000 0.110000 24
-0.054340 -0.085230 0.001400 -0.990800 0.000000 -0.135300 24
-0.054140 -0.079020 0.005710 -0.999500 0.000000 0.031830 24
-0.087810 -0.350910 0.157750 0.019940 0.000011 0.999800 24
-0.027250 0.356060 -0.138810 -0.126100 0.605200 -0.786000 25
-0.032230 0.341160 -0.149580 -0.105200 0.604700 -0.789500 25
-0.102400 0.294650 0.142910 -0.568900 0.359400 0.739700 25
-0.097470 0.288970 0.149630 -0.613900 0.334500 0.715000 25
0.113630 0.115610 0.083530 0.648900 -0.649300 0.396700 25
0.109460 0.115770 0.089160 0.648900 -0.649300 0.396700 25
0.098150 -0.340320 -0.118200 0.000000 1.000000 0.000000 24
0.086010 -0.340320 -0.120010 0.000000 1.000000 0.000000 24
-0.034720 -0.423450 0.126930 0.000000 1.000000 0.000000 24
0.018250 -0.423450 0.125420 0.000000 1.000000 0.000000 24
0.022350 0.120720 0.143220 0.130500 -0.588800 0.797700 25
-0.059250 -0.340320 -0.142360 0.000000 -1.000000 0.000000 24
-0.007650 0.093020 -0.117990 -0.079800 -0.793900 -0.602800 25
-0.130890 -0.400740 -0.132900 0.684200 0.005969 0.729300 24
0.109240 0.361220 -0.083100 0.632000 0.606000 -0.483000 25
0.168600 0.289340 -0.057820 0.852000 0.345600 -0.393400 25
0.154890 0.298180 -0.081440 0.871200 0.380300 -0.310600 25
0.023150 0.117990 0.012950 0.083530 -0.995200 0.050120 24
0.021510 0.205960 0.181260 0.067660 -0.096860 0.993000 25
0.018270 0.199240 0.180800 0.067660 -0.096860 0.993000 25
0.044520 0.065800 -0.058320 0.225000 -0.925100 -0.306000 25
-0.074230 0.406390 0.001110 -0.405200 0.911400 0.071950 25
-0.051610 -0.180040 -0.014940 0.980000 -0.018120 0.198300 24
-0.053680 -0.078850 -0.005480 -0.990800 0.000000 -0.135300 24
-0.053140 -0.060530 -0.007930 0.979600 0.000000 0.200900 24
-0.051680 -0.309570 -0.014610 0.979200 0.000000 0.203000 24
0.041210 -0.036430 -0.030600 0.866100 -0.000001 -0.499800 24
0.047800 -0.138150 -0.020320 -0.880000 0.000000 0.474900 24
0.045480 -0.182910 -0.023930 -0.880000 0.000000 0.474900 24
0.074930 -0.423450 0.046400 0.000000 -1.000000 0.000000 24
0.136170 0.112820 0.029490 0.800300 -0.590700 0.102800 25
0.161520 0.141170 0.003670 0.812500 -0.572900 0.107500 25
-0.032170 0.075100 -0.089100 -0.198100 -0.812200 -0.548700 25
0.024410 0.049220 0.052820 0.384700 -0.039280 0.922200 24
0.102530 0.131870 -0.114770 0.484900 -0.609300 -0.627400 25
-0.000240 0.343410 0.152070 0.092110 0.589700 0.802300 25
-0.184050 0.246050 0.019490 -0.983300 0.129100 0.128600 25
-0.178150 0.271550 0.038790 -0.983200 0.129200 0.129200 25
0.021280 0.406010 0.071970 0.164100 0.926300 0.339300 25
-0.018890 -0.423450 0.007590 0.002756 1.000000 -0.000782 24
-0.020330 0.056870 -0.045000 0.177000 -0.966100 0.188200 24
0.103480 0.097290 -0.068080 0.482100 -0.796500 -0.364900 25
0.092630 0.098210 -0.084190 0.472400 -0.794600 -0.381300 25
-0.049370 0.055030 0.033320 0.885000 -0.464600 0.030180 24
-0.167390 0.309590 -0.027740 -0.917200 0.379800 -0.120700 25
-0.170590 0.300420 -0.032310 -0.916700 0.380700 -0.121100 25
-0.132970 -0.340320 0.079010 -0.035640 0.999200 -0.017820 24
0.034480 0.411520 0.051010 0.163700 0.937400 0.307400 25
0.098900 0.079440 0.017040 0.603500 -0.793400 0.079470 25
-0.031300 -0.052470 0.047110 0.578200 0.000000 -0.815900 24
-0.025050 -0.332760 0.050340 0.467100 -0.018950 -0.884000 24
-0.170960 0.173670 0.037890 -0.916300 -0.382300 0.119800 25
-0.133110 -0.422130 0.138510 -0.698100 -0.032700 0.715200 24
0.020210 0.357690 0.138480 0.104100 0.604800 0.789500 25
-0.139640 0.144020 0.084410 -0.719500 -0.406800 0.562800 25
-0.047530 0.040910 -0.031290 -0.860700 -0.000006 -0.509100 24
0.102500 0.391020 0.007160 0.586000 0.802100 0.115200 25
-0.030690 -0.340320 0.057990 0.000836 -1.000000 -0.001674 24
-0.155800 0.190350 -0.093400 -0.769400 -0.309200 -0.559000 25
-0.152880 0.202480 -0.099830 -0.786700 -0.130900 -0.603300 25
0.061180 -0.340320 0.147260 0.000000 -1.000000 0.003897 24
-0.032470 0.130510 0.149470 -0.105900 -0.616600 0.780200 25
-0.011020 0.133920 0.154930 -0.109400 -0.574500 0.811200 25
0.041890 0.072140 -0.078640 0.194100 -0.892200 -0.407700 25
0.018860 0.223100 0.183890 0.129400 -0.130500 0.983000 25
0.023670 0.234170 0.184720 0.134600 -0.012740 0.990800 25
-0.149770 0.341320 -0.029880 -0.788300 0.606200 -0.105700 25
0.157770 0.159800 0.059950 0.860100 -0.376100 0.344700 25
-0.090750 0.163270 -0.144820 -0.521100 -0.385100 -0.761700 25
0.109590 -0.404780 0.148240 0.452800 -0.041170 0.890600 24
-0.083370 0.402330 -0.006170 -0.397000 0.916700 -0.044450 25
-0.028760 0.203170 0.179940 -0.055290 -0.198800 0.978500 25
-0.009620 0.205320 0.182740 -0.093110 -0.154300 0.983600 25
0.055900 -0.004340 -0.038950 0.752200 -0.025940 -0.658400 24
-0.138830 0.205960 -0.118890 -0.786500 -0.129300 -0.603900 25
-0.140560 0.228620 -0.121540 -0.786500 -0.130800 -0.603600 25
0.015750 0.369310 0.129650 0.077410 0.758000 0.647700 25
-0.087290 0.222840 0.163810 -0.427300 -0.062620 0.901900 25
-0.065530 0.225720 0.173230 -0.379800 -0.142600 0.914000 25
0.182980 0.227090 0.029790 0.979400 -0.153400 0.131300 25
0.186950 0.232360 0.004970 0.989900 -0.138100 0.033070 25
-0.000660 0.062890 0.038300 0.039740 -0.991700 0.122500 24
0.159860 0.250720 -0.094590 0.849400 0.105300 -0.517200 25
0.143740 0.283530 -0.108560 0.777500 0.249400 -0.577300 25
-0.085950 0.187530 -0.159330 -0.369900 -0.315000 -0.874100 25
-0.051010 0.200940 -0.175710 -0.377500 -0.130900 -0.916700 25
-0.018380 0.053820 0.031700 -0.072020 -0.991700 0.106800 25
-0.017980 0.117720 -0.141480 -0.103900 -0.608300 -0.786900 25
-0.019440 0.200460 0.180800 -0.130100 -0.131100 0.982800 25
-0.002410 0.190900 0.181780 -0.066100 -0.126100 0.989800 25
-0.125140 -0.423450 0.078600 0.000000 -1.000000 0.000000 24
0.020110 0.094170 -0.117860 0.130100 -0.794800 -0.592800 25
0.005740 0.082540 -0.104470 0.079520 -0.793400 -0.603500 25
0.071790 0.398850 -0.057190 0.279000 0.929600 -0.240700 25
0.011270 -0.421550 0.157810 0.000000 -0.024350 0.999700 24
-0.039210 -0.377940 0.157810 0.000000 0.000000 -1.000000 24
-0.025030 -0.409640 0.157810 0.000000 0.098030 -0.995200 24
-0.060310 -0.394100 0.157810 0.000000 0.000000 1.000000 24
0.055670 -0.415370 0.157810 0.000000 0.350100 -0.936700 24
-0.077090 -0.360220 0.157810 -0.000072 0.000036 1.000000 24
-0.032410 -0.422410 0.157810 0.000000 -0.709600 0.704600 24
-0.068720 -0.358670 0.157810 0.000000 0.000000 -1.000000 24
0.019590 0.023350 0.071310 0.172900 0.564600 0.807100 24
0.141030 0.145780 0.083790 0.693300 -0.388200 0.607100 25
0.141920 0.158170 0.091060 0.684200 -0.434600 0.585600 25
0.017720 0.373700 -0.123670 0.038020 0.770800 -0.636000 25
0.178160 0.254210 0.050560 0.959600 0.138800 0.244800 25
0.171070 0.266580 0.063460 0.911500 0.110200 0.396200 25
0.025430 0.055340 -0.040810 -0.034170 -0.999200 0.022660 25
-0.163430 0.212060 0.084480 -0.915800 -0.130400 0.379900 25
-0.166060 0.207230 0.076490 -0.915800 -0.130400 0.379900 25
-0.174800 0.296940 -0.011260 -0.916300 0.381600 -0.121600 25
-0.167540 0.308720 0.029350 -0.917200 0.379800 0.120800 25
-0.175020 0.285920 0.044220 -0.884300 0.381100 0.269800 25
-0.014200 -0.423450 -0.132580 0.000000 -1.000000 0.000000 24
-0.003600 0.302530 0.173490 -0.103800 0.400100 0.910600 25
-0.010800 0.316150 0.166900 -0.067570 0.406600 0.911100 25
-0.165360 0.239420 0.086520 -0.921800 0.057550 0.383500 25
-0.164290 0.267190 0.079630 -0.915900 0.129100 0.380000 25
-0.151940 -0.398500 -0.047970 -1.000000 0.000000 0.000000 24
-0.151940 -0.344980 -0.035440 0.915100 -0.403100 0.000000 24
-0.151940 -0.379850 -0.061280 -1.000000 0.000000 0.000000 24
-0.151940 -0.372150 -0.034000 1.000000 0.000000 0.000000 24
-0.151940 -0.376280 -0.055600 -1.000000 0.000000 0.000000 24
-0.151940 -0.344320 0.066390 -0.977000 0.213100 0.000000 24
-0.151940 -0.349010 -0.008260 0.915100 -0.403100 0.000000 24
-0.151940 -0.349300 0.035490 0.994900 -0.101100 0.000000 24
-0.151940 -0.360870 -0.075720 0.999100 0.000000 0.041310 24
-0.151940 -0.364790 0.036460 0.997600 0.065260 -0.023740 24
-0.151940 -0.368100 -0.045500 1.000000 -0.000107 0.000000 24
-0.151940 -0.369390 0.014080 -1.000000 0.000000 0.000000 24
0.171580 0.221440 -0.068050 0.914800 -0.143900 -0.377300 25
0.178070 0.227770 -0.054550 0.899500 -0.143500 -0.412700 25
0.030670 0.056870 0.026220 0.083530 -0.995200 0.050120 24
0.105700 0.388610 -0.006600 0.568800 0.822200 -0.022830 25
-0.087350 0.395090 0.043360 -0.559100 0.811300 0.170800 25
0.118870 0.115440 0.076490 0.612200 -0.593600 0.522400 25
-0.038570 -0.100180 0.040600 0.714100 0.000000 -0.700100 24
-0.034040 -0.201610 0.044730 0.636500 0.000000 -0.771300 24
-0.037430 -0.076070 0.041640 0.679000 0.000000 -0.734100 24
-0.031660 -0.265610 0.046900 -0.525300 0.030160 0.850400 24
0.030440 0.076470 0.024700 0.083530 -0.995200 0.050120 24
0.018660 0.256670 -0.182760 0.129600 0.129600 -0.983100 25
0.015930 0.280310 -0.180000 0.128700 0.128700 -0.983300 25
0.045020 0.093630 0.109910 0.228700 -0.805500 0.546600 25
0.063470 0.102000 0.114070 0.371200 -0.659000 0.654200 25
-0.131300 0.335260 0.086780 -0.675000 0.531700 0.511600 25
-0.163480 0.190770 0.077050 -0.908900 -0.156000 0.386700 25
0.015190 0.313280 0.167510 0.153300 0.358800 0.920700 25
0.021280 0.311140 0.167600 0.153300 0.358800 0.920700 25
0.077760 0.396460 -0.055570 0.465000 0.841000 -0.276600 25
-0.049830 -0.227020 -0.018710 -0.903200 -0.000023 -0.429200 24
-0.050700 -0.200430 -0.017020 0.934700 -0.005967 0.355400 24
-0.050950 -0.217550 -0.016540 -0.888700 0.000008 -0.458600 24
-0.093370 -0.423450 0.094450 -0.023820 0.999300 0.029770 24
0.081500 -0.423450 0.095040 0.000000 1.000000 -0.000107 24
0.093610 -0.359280 -0.147720 -0.396300 0.000223 0.918100 24
0.167570 0.163460 -0.031250 0.896800 -0.404700 -0.178900 25
0.165560 0.161930 -0.041670 0.906200 -0.380600 -0.184100 25
0.036510 0.145130 0.159220 0.088920 -0.393000 0.915200 25
0.052530 0.382600 -0.101020 0.187700 0.769300 -0.610700 25
-0.138350 -0.344130 0.132540 -0.752300 0.004526 0.658900 24
-0.029270 -0.340320 0.050210 0.000836 -1.000000 -0.001674 24
-0.091270 -0.380900 0.157520 0.020100 0.000000 -0.999800 24
-0.057070 -0.340320 -0.060190 0.000000 -1.000000 0.000000 24
0.072350 0.307680 -0.154430 0.356600 0.379400 -0.853800 25
0.078210 0.321310 -0.145940 0.431700 0.378800 -0.818600 25
0.005080 -0.181670 0.055930 -0.130700 -0.000884 -0.991400 24
0.004990 -0.055340 0.055940 -0.125300 0.000000 -0.992100 24
0.005230 -0.252290 0.055930 -0.086720 0.006678 -0.996200 24
-0.057290 0.111950 -0.125850 -0.303700 -0.608900 -0.732800 25
-0.058480 0.308660 -0.159740 -0.354000 0.379800 -0.854700 25
-0.049310 0.322320 -0.157470 -0.341600 0.375600 -0.861500 25
-0.047230 0.117990 -0.014180 -0.371300 -0.923500 -0.096430 24
0.022630 0.075600 -0.093110 0.193100 -0.797300 -0.571900 25
0.063950 0.363890 0.119870 0.363600 0.580300 0.728700 25
-0.174110 0.187320 -0.050200 -0.883300 -0.288500 -0.369500 25
-0.164110 0.193730 -0.076550 -0.908500 -0.173200 -0.380200 25
-0.153900 0.161880 0.071540 -0.853000 -0.383800 0.353700 25
-0.151490 0.151300 0.065910 -0.853700 -0.382100 0.353700 25
-0.086760 0.309640 0.147160 -0.553000 0.382800 0.740000 25
-0.091650 0.316410 0.139890 -0.553000 0.382800 0.740000 25
-0.151820 -0.361270 0.094710 0.998500 -0.000199 -0.055110 24
-0.132130 0.167290 0.110030 -0.733100 -0.382500 0.562400 25
0.112660 -0.423450 -0.114570 0.000000 -1.000000 0.000000 24
0.124240 -0.423450 -0.113470 0.000000 -1.000000 0.000000 24
-0.171890 0.220420 0.066950 -0.916000 -0.130400 0.379300 25
0.137070 0.305620 0.102610 0.717300 0.381200 0.583300 25
0.143820 0.290490 0.104020 0.723700 0.417400 0.549500 25
0.144970 -0.370320 -0.075510 -0.995800 -0.000871 0.091670 24
0.089130 -0.395440 -0.149370 -0.304500 -0.005778 0.952500 24
-0.104700 -0.423450 -0.118590 0.000000 -1.000000 0.000000 24
-0.048250 -0.423450 -0.119370 0.000000 1.000000 0.000000 24
-0.099290 0.392850 -0.013400 -0.560400 0.819700 -0.119000 25
-0.109650 0.384890 -0.013410 -0.594900 0.799300 -0.084990 25
0.097130 0.201010 0.154710 0.675900 -0.134100 0.724700 25
-0.139610 -0.410990 -0.121990 -0.857000 -0.006799 -0.515300 24
-0.053090 -0.259560 0.014600 0.974300 0.000000 -0.225100 24
-0.050400 -0.019600 0.023050 0.890700 -0.008315 -0.454600 24
-0.052170 -0.174260 0.017500 -0.962400 0.000000 0.271800 24
-0.051440 -0.048370 0.019790 -0.948100 0.000000 0.318000 24
-0.127810 0.110480 -0.049580 -0.732400 -0.609300 -0.303900 25
-0.141350 0.121150 -0.038310 -0.762200 -0.610400 -0.215400 25
-0.027620 0.153880 -0.164050 -0.120900 -0.383000 -0.915800 25
0.182990 0.255840 0.017680 0.973800 0.168800 0.152400 25
0.183310 0.249290 0.021830 0.973800 0.168800 0.152400 25
0.013200 -0.330420 -0.048830 0.151500 0.172300 -0.973300 24
0.012000 -0.272190 -0.049090 0.246400 -0.000520 -0.969200 24
0.017390 -0.227930 -0.047910 0.322200 0.000000 -0.946700 24
-0.119480 0.273710 0.136980 -0.578900 0.155500 0.800400 25
-0.107040 0.280200 0.145460 -0.591100 0.256500 0.764700 25
-0.114030 -0.391160 0.151760 0.504600 0.000000 -0.863300 24
-0.137390 0.258540 0.122190 -0.786800 0.129700 0.603400 25
-0.046570 0.013450 -0.052500 -0.639500 0.001981 -0.768800 24
-0.018190 0.044040 -0.051640 -0.302000 0.000219 -0.953300 24
0.032170 -0.169330 0.045030 0.518600 0.047270 0.853700 24
0.028690 -0.130640 0.047260 0.679200 0.000000 0.734000 24
0.032180 -0.288910 0.045020 -0.648800 -0.001607 -0.761000 24
-0.085730 0.150760 0.142150 -0.491800 -0.374200 0.786200 25
0.007880 0.157350 0.168100 0.131900 -0.358500 0.924200 25
-0.032030 0.023540 -0.045320 0.202400 -0.938200 0.280600 24
0.032300 0.023350 0.050410 -0.488700 -0.078140 -0.868900 24
0.053930 0.023350 -0.029110 0.747800 0.537800 -0.389400 24
-0.131000 -0.340320 0.137720 -0.022060 0.999700 -0.004853 24
0.069930 -0.340320 0.136290 0.000000 -1.000000 0.000000 24
-0.087680 0.329880 0.135780 -0.491400 0.593000 0.637900 25
-0.132150 0.126360 -0.070950 -0.730900 -0.609000 -0.308200 25
-0.138980 0.138590 -0.078980 -0.776700 -0.518100 -0.358300 25
-0.029760 0.045840 -0.046620 -0.491400 0.000200 -0.870900 24
-0.145750 0.126010 0.034290 -0.786400 -0.609100 0.103300 25
-0.064130 0.410000 -0.011510 -0.366900 0.924600 -0.102000 25
-0.048850 0.416510 -0.008300 -0.373500 0.926900 -0.037470 25
0.027690 0.117660 -0.140160 0.102900 -0.609600 -0.786000 25
-0.072860 0.001290 -0.005150 -0.989200 0.000000 -0.146700 24
-0.000150 -0.330410 0.056180 0.036330 0.396500 0.917300 24
-0.000030 -0.204890 0.056170 -0.013110 0.000554 0.999900 24
-0.095360 0.314580 -0.137990 -0.562700 0.380100 -0.734100 25
-0.110130 0.320710 -0.123480 -0.564100 0.379500 -0.733300 25
0.166610 0.272320 0.072290 0.916000 0.128900 0.379900 25
0.161360 0.251250 0.092140 0.772500 0.168800 0.612100 25
0.158680 0.141610 0.027800 0.877300 -0.464500 0.120600 25
-0.073330 0.158240 -0.151530 -0.369400 -0.384100 -0.846100 25
-0.081490 0.160870 -0.149330 -0.369400 -0.384100 -0.846100 25
-0.067130 0.369460 -0.112870 -0.316500 0.784500 -0.533200 25
-0.084740 0.141920 0.138150 -0.491800 -0.374200 0.786200 25
-0.107610 0.129860 0.108930 -0.557800 -0.595400 0.578200 25
0.044130 -0.161220 -0.026040 0.866900 -0.000028 -0.498400 24
0.045990 -0.145520 -0.023130 0.883200 0.000000 -0.469000 24
0.046970 -0.281590 -0.021610 -0.880000 0.000018 0.474900 24
0.059910 -0.340320 -0.112530 0.000000 -1.000000 0.000000 24
-0.012010 -0.340320 -0.112610 0.000000 -1.000000 0.000000 24
0.044030 0.268530 0.177860 0.138600 0.128200 0.982000 25
0.041230 0.281340 0.176540 0.111700 0.151800 0.982100 25
0.106330 -0.340320 -0.123550 0.000000 1.000000 0.000000 24
0.045330 0.121680 -0.138880 0.299600 -0.607200 -0.735900 25
0.058360 0.114260 -0.127320 0.312800 -0.607300 -0.730300 25
0.018000 0.369310 -0.129350 0.027040 0.775500 -0.630800 25
0.046670 -0.423450 -0.077370 0.000000 -1.000000 0.000000 24
0.066160 -0.423450 -0.077600 0.000000 -1.000000 0.000000 24
-0.055570 -0.423450 -0.057690 0.000000 -1.000000 0.000000 24
-0.119230 -0.423450 -0.072560 0.000017 0.999400 -0.035750 24
-0.133270 -0.423450 -0.078000 -0.000358 0.999400 -0.035770 24
-0.014490 -0.423450 -0.039520 0.000000 -1.000000 0.000000 24
0.010040 -0.423450 -0.048810 0.000000 1.000000 0.000000 24
0.009170 -0.423450 -0.039150 0.000000 -1.000000 0.000000 24
0.023430 -0.423450 -0.038240 0.000000 1.000000 0.000107 24
-0.037170 -0.423450 -0.074710 0.000000 0.997500 0.071240 24
0.064870 -0.423450 -0.070920 0.000000 0.999400 0.035540 24
0.002840 -0.423450 -0.070290 0.000000 -1.000000 0.000000 24
0.051260 -0.423450 -0.065270 -0.000000 1.000000 -0.000107 24
-0.054400 -0.423450 -0.078570 0.000000 -1.000000 0.000000 24
0.045530 -0.423450 -0.051550 0.000000 1.000000 0.000000 24
-0.043820 -0.423450 -0.048520 0.000000 1.000000 0.000000 24
0.053330 -0.009610 0.013930 -0.168000 0.983600 -0.065550 24
-0.006350 0.402050 -0.084000 0.073150 0.920400 -0.384200 25
-0.019820 0.037780 0.056310 -0.258400 -0.007068 0.966000 24
0.179410 0.218160 -0.047870 0.972800 -0.174800 -0.152300 25
-0.022220 -0.044810 0.051800 0.411600 0.000000 -0.911300 24
-0.023500 -0.051790 0.051140 0.411600 0.000000 -0.911300 24
-0.019730 -0.011860 0.053090 0.411900 0.011990 -0.911100 24
-0.021590 -0.038270 0.052130 0.411600 0.000000 -0.911300 24
0.060440 0.236160 -0.176620 0.385000 -0.038310 -0.922100 25
0.083670 0.253370 -0.164570 0.379100 0.129600 -0.916200 25
0.107670 0.377290 0.054400 0.565200 0.790800 0.234700 25
0.122150 0.370830 0.041250 0.571300 0.772300 0.277900 25
-0.005380 -0.394650 -0.154580 -0.002314 -0.000937 1.000000 24
0.057030 -0.388800 -0.154580 0.034110 0.000000 -0.999400 24
-0.021600 -0.402460 -0.154580 -0.013150 0.066450 0.997700 24
-0.035810 -0.413750 -0.154580 0.000000 -0.070300 -0.997500 24
-0.008940 -0.418240 -0.154580 0.118900 0.613000 0.781100 24
0.048540 0.341740 0.144490 0.305000 0.605400 0.735100 25
0.037840 0.355260 0.137790 0.295100 0.601700 0.742200 25
0.069380 0.367730 0.113530 0.539100 0.590900 0.600100 25
-0.114990 0.116440 -0.082800 -0.629800 -0.608800 -0.482400 25
-0.112890 0.104080 -0.069960 -0.522400 -0.752800 -0.400600 25
0.037570 0.386750 0.101410 0.248400 0.774200 0.582100 25
0.012450 -0.340320 -0.148970 0.000000 -0.997200 0.074190 24
-0.033450 0.376160 -0.117930 -0.233500 0.790700 -0.566000 25
0.024280 0.114340 0.041770 0.202900 -0.900200 0.385300 24
0.039630 -0.009610 -0.040890 -0.129500 0.980000 0.151200 24
-0.066510 0.079440 0.075360 -0.383400 -0.795200 0.469700 25
0.050170 0.056460 0.025920 0.691800 -0.533600 0.486600 24
-0.061860 0.271660 -0.171020 -0.377100 0.130200 -0.917000 25
-0.062330 0.263050 -0.172040 -0.377100 0.130200 -0.917000 25
0.080510 -0.400290 -0.152040 -0.213700 -0.017890 0.976700 24
0.017210 0.076220 0.036140 -0.563700 -0.689300 0.455200 24
0.043030 -0.128530 -0.027750 0.866900 0.000000 -0.498400 24
0.040990 -0.335730 -0.030940 -0.758200 -0.212600 0.616500 24
0.041850 -0.271750 -0.029600 0.841800 -0.000088 -0.539800 24
0.019020 0.117990 0.030850 0.202900 -0.900200 0.385300 24
-0.142760 -0.389780 0.126000 -0.891200 0.000000 0.453600 24
0.157390 0.173690 0.075910 0.849700 -0.394800 0.349500 25
0.160700 0.177800 0.072340 0.854400 -0.379400 0.355100 25
-0.065200 -0.340320 -0.138130 0.000000 -1.000000 0.000000 24
0.066160 -0.423450 -0.152630 0.091960 -0.058010 -0.994100 24
0.024740 0.111510 -0.135780 0.114400 -0.610800 -0.783500 25
-0.122840 -0.340320 0.084270 -0.000005 0.999400 0.035650 24
0.034420 -0.151430 0.043350 -0.706600 -0.000010 -0.707600 24
0.142360 -0.341970 0.106470 0.884100 0.410100 0.224200 24
-0.176340 0.252810 0.055430 -0.916000 0.128600 0.379900 25
0.076720 0.074790 -0.054780 0.481700 -0.800300 -0.357100 25
0.131530 0.223670 -0.132070 0.728700 -0.171800 -0.662900 25
0.124020 0.226520 -0.138310 0.615200 -0.135900 -0.776600 25
-0.147830 -0.363100 0.115190 -0.948500 0.000000 0.316900 24
-0.037490 0.284690 0.176420 -0.071020 0.226500 0.971400 25
-0.042140 0.312850 0.164140 -0.106700 0.346400 0.932000 25
-0.146290 0.203300 -0.108590 -0.786200 -0.130300 -0.604100 25
-0.151470 0.196760 -0.100430 -0.786700 -0.130900 -0.603300 25
0.154300 0.324560 0.054540 0.871600 0.368000 0.324000 25
0.077800 -0.340320 0.037300 -0.011910 0.999600 0.023830 24
-0.040380 0.064160 0.056540 -0.306400 -0.826100 0.472900 25
-0.019940 0.011730 0.072660 0.202800 -0.223600 -0.953300 24
0.006560 0.023350 -0.062470 -0.051100 0.783400 -0.619500 24
0.143080 0.202250 0.112560 0.821200 -0.146500 0.551600 25
0.145850 0.192880 0.106920 0.777700 -0.035830 0.627600 25
0.172090 0.209020 0.062550 0.915600 -0.130700 0.380200 25
0.179880 0.226530 0.049760 0.930300 -0.168100 0.325900 25
0.095900 -0.340320 -0.053260 0.000000 -1.000000 0.000000 24
-0.025000 0.066840 0.071790 -0.143500 -0.923900 0.354600 25
-0.152760 0.180470 0.092110 -0.757300 -0.391600 0.522600 25
-0.000410 0.051630 0.059180 -0.032340 -0.361000 0.932000 24
0.138480 0.206600 -0.119490 0.782300 -0.118800 -0.611500 25
0.141380 0.202700 -0.114870 0.786500 -0.131000 -0.603600 25
-0.079610 0.090620 -0.083670 -0.371100 -0.793500 -0.482300 25
-0.072190 -0.423450 -0.150490 -0.000000 -1.000000 -0.000107 24
0.030520 -0.340320 -0.053330 0.167800 0.911900 -0.374600 24
-0.126120 0.158930 -0.112170 -0.732900 -0.383000 -0.562300 25
0.090620 0.268560 0.159540 0.428700 0.164200 0.888400 25
0.071390 0.260270 0.168680 0.344600 0.134000 0.929100 25
0.080530 0.236650 0.168230 0.379700 0.129600 0.916000 25
-0.033540 0.373280 0.121910 -0.272600 0.798800 0.536200 25
-0.114290 0.168600 -0.129540 -0.562700 -0.382800 -0.732700 25
-0.122080 0.178140 -0.128540 -0.562400 -0.382700 -0.733000 25
-0.080380 0.111650 -0.112210 -0.476700 -0.618400 -0.624800 25
-0.074450 0.106540 -0.111820 -0.476700 -0.618400 -0.624800 25
0.129890 0.123370 0.070440 0.692000 -0.658900 0.295000 25
-0.024140 0.417960 0.033500 -0.130800 0.979000 0.156500 25
-0.072920 0.345710 -0.131120 -0.332000 0.611400 -0.718300 25
-0.025360 0.083930 0.103710 -0.142200 -0.794700 0.590100 25
0.085760 0.394750 -0.048340 0.574500 0.795400 -0.193300 25
0.103680 0.380380 -0.053590 0.599300 0.762000 -0.245300 25
-0.172180 0.229830 0.069470 -0.916300 -0.130200 0.378700 25
-0.141380 0.331850 -0.075730 -0.840300 0.404900 -0.360500 25
-0.030280 0.324270 -0.160970 -0.120400 0.380300 -0.917000 25
-0.015730 0.305380 -0.170720 -0.121800 0.380800 -0.916600 25
-0.081660 0.341510 0.129240 -0.523500 0.582700 0.621700 25
-0.076020 0.367540 0.108610 -0.458900 0.668900 0.584800 25
-0.111500 0.120560 -0.092540 -0.629400 -0.608800 -0.482900 25
-0.164240 0.285400 0.072590 -0.855000 0.378600 0.354400 25
-0.160410 0.291450 0.075330 -0.854700 0.379800 0.354000 25
-0.157880 0.180060 -0.081610 -0.851700 -0.379000 -0.362000 25
-0.168330 0.186160 -0.062990 -0.883300 -0.288500 -0.369500 25
-0.133930 0.210650 -0.126300 -0.786500 -0.129300 -0.603900 25
0.145360 -0.366660 0.039910 1.000000 -0.000107 0.000000 24
0.145360 -0.411220 0.082920 0.998400 -0.039070 0.040060 24
0.145360 -0.351130 -0.032050 -1.000000 0.004877 0.000000 24
0.145360 -0.370900 0.026180 0.999400 0.035560 -0.000020 24
0.145360 -0.406640 0.072690 0.999700 -0.023790 -0.005935 24
0.145360 -0.349700 0.046170 -1.000000 0.004877 0.000000 24
0.145360 -0.388860 0.082730 0.999800 0.011990 0.015250 24
0.145360 -0.353850 0.079470 1.000000 0.000000 0.000107 24
0.145360 -0.358760 0.010290 -1.000000 0.000000 0.000000 24
0.145360 -0.364750 0.073840 0.999500 0.000000 -0.030860 24
0.091790 0.398080 -0.018610 0.387100 0.921700 -0.026380 25
0.008760 0.043460 -0.053240 -0.279100 -0.022090 0.960000 24
0.012390 0.352580 -0.143430 0.102900 0.606000 -0.788800 25
0.143460 -0.412040 -0.086520 0.981700 -0.006855 -0.190500 24
0.001200 0.083810 -0.037840 0.017410 -0.991600 -0.128300 24
0.121430 0.308620 0.120960 0.722800 0.439400 0.533400 25
0.125110 0.319440 0.108870 0.734000 0.380100 0.562800 25
0.029130 0.159490 0.166190 0.101200 -0.378400 0.920100 25
0.007510 0.155520 -0.167380 0.121200 -0.383900 -0.915400 25
0.004150 0.171410 -0.174460 0.118600 -0.380600 -0.917100 25
-0.055580 0.387680 0.092050 -0.272500 0.785900 0.555100 25
0.137080 0.345100 0.059750 0.774700 0.542800 0.324300 25
0.146490 0.343400 0.040430 0.779100 0.613500 0.129000 25
-0.085360 0.397470 -0.040110 -0.474900 0.849100 -0.231300 25
0.015870 0.087100 0.109130 0.079030 -0.793000 0.604000 25
0.061050 0.145540 0.150920 0.345000 -0.404500 0.847000 25
0.066250 0.148570 0.150130 0.383200 -0.419600 0.822800 25
0.035810 0.091830 0.111190 0.177300 -0.796300 0.578300 25
0.093060 -0.340320 -0.147840 0.213300 0.856300 -0.470400 24
-0.038230 0.060280 -0.003100 -0.128700 -0.991600 -0.015150 24
-0.044730 -0.059100 0.033200 0.849500 0.000000 -0.527600 24
-0.045760 -0.157980 0.031590 -0.842000 0.000000 0.539500 24
-0.047460 -0.116300 0.028950 0.849500 0.000000 -0.527600 24
-0.086930 -0.340320 0.028580 0.017860 0.999800 -0.000008 24
0.162840 0.275620 -0.080250 0.881500 0.216800 -0.419400 25
0.168160 0.266610 -0.070480 0.907300 0.132300 -0.399100 25
0.110590 -0.340320 0.098580 0.000000 -1.000000 0.000000 24
-0.109790 -0.340320 0.106310 0.000000 1.000000 -0.000003 24
-0.118320 -0.340320 0.103760 0.000000 -1.000000 0.000000 24
0.078390 0.070230 -0.030470 0.354100 -0.923400 -0.148100 25
-0.041190 0.117990 0.015770 -0.474600 -0.856300 0.203600 24
-0.102460 0.093840 -0.062040 -0.538000 -0.795800 -0.278100 25
-0.123700 0.103640 0.045790 -0.712000 -0.641700 0.285200 25
-0.129560 0.109960 0.044330 -0.732900 -0.608700 0.303900 25
0.029790 -0.124300 -0.041520 0.538900 0.000000 -0.842300 24
0.025600 -0.195790 -0.043680 0.457400 0.000000 -0.889300 24
0.024510 -0.337850 -0.044250 0.284800 0.748600 -0.598700 24
-0.002780 -0.297970 -0.050600 0.012900 0.000000 -0.999900 24
-0.003470 -0.190300 -0.050570 -0.150900 0.000000 -0.988600 24
0.001010 -0.129390 -0.050780 -0.104900 0.000000 0.994500 24
0.002310 -0.229700 -0.050840 -0.105600 0.000000 0.994400 24
-0.047670 0.185780 0.174500 -0.295400 -0.229100 0.927500 25
-0.055500 0.147770 0.154220 -0.346100 -0.348900 0.870900 25
-0.029270 -0.047810 -0.042430 0.482600 0.000009 0.875900 24
-0.033970 -0.143430 -0.039410 -0.562500 0.000000 -0.826800 24
-0.033220 -0.057990 -0.039890 -0.622200 -0.000016 -0.782900 24
0.032440 0.117990 -0.014190 0.344000 -0.930900 -0.123300 24
-0.117300 0.094410 0.026750 -0.606300 -0.782300 0.142400 25
0.034150 0.059380 -0.046760 0.289800 -0.819100 -0.495000 25
-0.165940 0.280870 -0.070970 -0.907100 0.183800 -0.378600 25
-0.161590 0.259530 -0.088760 -0.828300 0.123300 -0.546500 25
0.066480 0.020990 -0.019070 -0.925300 -0.176100 0.336000 24
0.063200 0.107680 0.119850 0.234400 -0.632600 0.738200 25
0.066580 -0.009460 -0.018850 0.645200 -0.753900 -0.124100 24
0.045190 0.042340 -0.029380 0.864600 0.011830 -0.502400 24
0.016900 0.395240 0.095710 0.078050 0.815400 0.573600 25
-0.061680 0.403640 -0.051530 -0.326000 0.914500 -0.239600 25
-0.045480 -0.423450 0.152020 0.000000 -0.709700 0.704600 24
-0.017030 -0.008970 0.073620 -0.061160 -0.850100 0.523000 24
0.122600 -0.423450 -0.122090 0.184500 -0.969700 -0.160000 24
0.017160 -0.423450 -0.126470 0.000000 -1.000000 0.000000 24
-0.026730 0.023350 0.060150 0.126400 -0.920400 -0.370000 24
-0.003430 -0.423450 -0.083510 0.000000 0.999400 0.035670 24
-0.090140 -0.423450 -0.088350 0.000000 -1.000000 0.000000 24
0.109940 -0.423450 -0.081040 0.000000 -1.000000 0.000000 24
0.032020 0.117990 -0.028730 0.314000 -0.924600 -0.215800 24
-0.144960 0.323230 -0.078530 -0.840300 0.404900 -0.360500 25
-0.008440 0.411080 -0.061930 -0.052610 0.931400 -0.360200 25
0.009770 -0.149950 0.055420 -0.198800 -0.000268 -0.980000 24
0.012890 -0.185290 0.054430 -0.341200 -0.000001 -0.940000 24
0.009230 -0.064670 0.055590 -0.125300 0.000000 -0.992100 24
0.145360 -0.400430 0.031090 -1.000000 0.000000 0.000000 24
0.145360 -0.418320 -0.055130 1.000000 -0.000326 -0.000167 24
0.145360 -0.388070 -0.020660 0.997500 -0.071290 0.000000 24
0.145360 -0.411630 0.041600 0.998900 -0.041520 -0.023830 24
0.145360 -0.408630 0.024320 -1.000000 0.000000 0.000000 24
0.145360 -0.369680 -0.016260 0.998000 0.059320 0.023780 24
0.145360 -0.345910 -0.068800 0.998400 0.042030 -0.038590 24
0.145360 -0.410210 -0.060430 -1.000000 0.000000 0.001284 24
0.145360 -0.353650 -0.047240 -1.000000 0.000000 0.000000 24
0.145360 -0.386830 -0.003130 -1.000000 0.000000 0.000000 24
0.145360 -0.356930 -0.063070 0.999900 0.000000 -0.012500 24
-0.080070 0.174980 -0.156240 -0.354300 -0.383300 -0.852900 25
-0.067200 0.185440 -0.166260 -0.354100 -0.378700 -0.855100 25
-0.077090 0.374690 0.096710 -0.371100 0.817500 0.440400 25
-0.002090 0.011980 0.074890 -0.091190 0.015000 0.995700 24
0.088960 -0.423450 0.151340 -0.132900 0.955500 -0.263500 24
0.033660 0.099940 -0.025310 0.488400 -0.815700 -0.309900 24
0.159720 0.237390 -0.097630 0.777800 0.173400 -0.604100 25
0.143990 0.260460 -0.113180 0.779800 0.097260 -0.618400 25
-0.053850 0.206540 0.175340 -0.327500 -0.170500 0.929300 25
-0.053060 0.220730 0.177680 -0.251300 -0.190900 0.948900 25
-0.017790 0.405220 0.074840 -0.092820 0.904500 0.416200 25
-0.110170 0.126370 0.101600 -0.625900 -0.605400 0.491600 25
-0.040500 -0.423450 -0.128250 0.000000 1.000000 0.000000 24
-0.083810 -0.423450 -0.127760 0.000000 1.000000 0.000000 24
-0.047210 0.023350 -0.034470 -0.357500 0.860900 -0.361900 24
0.019670 -0.340320 -0.057930 0.000000 -1.000000 0.000000 24
0.085130 -0.340320 -0.078780 0.000000 1.000000 0.000000 24
-0.073950 -0.340320 -0.069980 0.000000 -1.000000 0.000000 24
0.000650 -0.340320 -0.052660 -0.017750 0.534500 -0.845000 24
-0.067210 -0.340320 -0.069490 0.000000 -1.000000 0.000000 24
0.097150 -0.340320 -0.079970 0.000000 1.000000 0.000000 24
-0.013800 -0.142200 0.054580 -0.232300 -0.018930 0.972500 24
-0.018520 -0.213740 0.053550 0.242000 0.000000 -0.970300 24
-0.015750 -0.307440 0.054150 0.238400 0.003202 -0.971200 24
-0.009430 -0.330060 0.055530 0.212000 0.000033 -0.977300 24
-0.056220 0.064310 -0.041360 -0.268100 -0.925300 -0.268400 25
0.054650 0.056870 0.000530 0.990000 -0.136600 -0.034440 24
0.137280 -0.423450 0.112090 0.170800 -0.977100 0.126900 24
-0.105790 -0.423450 0.109850 0.000000 -1.000000 0.000000 24
0.058360 0.068450 0.055010 0.267300 -0.925700 0.267600 25
0.065450 0.083990 -0.083650 0.372700 -0.794600 -0.479300 25
0.132370 0.104110 0.007170 0.635300 -0.768100 0.079500 25
-0.046580 -0.018750 -0.024990 0.878100 0.013860 0.478200 24
-0.048760 -0.044800 -0.020790 -0.903200 0.000002 -0.429200 24
-0.050840 -0.034090 -0.016760 0.914700 0.000012 0.404200 24
0.050460 0.247540 0.179150 0.358700 0.162600 0.919200 25
0.064580 0.259840 0.171560 0.350100 0.076570 0.933600 25
0.066410 -0.423450 0.157020 0.001383 -0.736700 0.676200 24
0.022370 0.117990 0.020250 0.083530 -0.995200 0.050120 24
-0.065910 -0.423450 -0.129900 0.000000 -1.000000 0.000000 24
0.019220 -0.239750 0.052410 -0.370700 -0.006151 -0.928700 24
0.021960 -0.202270 0.051540 -0.341200 0.000000 -0.940000 24
0.019860 -0.022170 0.052210 -0.427900 -0.000002 -0.903800 24
0.019400 -0.260300 0.052350 -0.361700 0.000114 -0.932300 24
0.132930 -0.354860 0.126340 -0.793400 0.000496 -0.608700 24
-0.155380 0.310460 -0.067080 -0.853500 0.380500 -0.356000 25
-0.157050 0.289200 -0.085850 -0.851900 0.379700 -0.360700 25
-0.041960 0.382370 0.105720 -0.234700 0.730400 0.641500 25
0.054290 0.395790 -0.079840 0.362400 0.784900 -0.502700 25
0.041980 0.417180 -0.021890 0.114900 0.991400 -0.063040 25
-0.044700 -0.252370 0.033260 0.873900 0.000000 -0.486100 24
-0.042060 -0.072120 0.037370 0.714100 0.000000 -0.700100 24
-0.046890 -0.293510 0.029850 -0.924200 0.000000 0.381900 24
-0.042240 -0.299610 0.037080 -0.703900 0.000000 0.710300 24
-0.125020 -0.345600 0.145360 -0.578100 0.011830 0.815900 24
-0.034230 -0.312320 -0.039250 -0.562600 0.000000 -0.826700 24
-0.024570 -0.230610 -0.045440 -0.345600 0.000000 -0.938400 24
-0.026980 -0.192330 -0.043900 0.581600 0.000000 0.813400 24
-0.025520 -0.083200 -0.044830 -0.345600 0.000000 -0.938400 24
0.094400 0.238850 -0.161950 0.505900 0.057780 -0.860600 25
0.111570 0.265110 -0.144460 0.603900 0.129100 -0.786500 25
-0.039920 0.056870 0.028420 -0.071710 -0.995900 0.055940 25
-0.009170 0.130120 -0.152230 -0.103500 -0.608600 -0.786700 25
-0.144060 -0.406060 -0.114320 -0.878500 0.000000 -0.477700 24
0.056900 0.332930 -0.148290 0.344900 0.608000 -0.715100 25
0.079770 0.329490 -0.141640 0.387100 0.482500 -0.785700 25
0.076560 0.404550 0.017040 0.359100 0.914600 0.185700 25
-0.159030 0.217990 0.095170 -0.787200 -0.130200 0.602800 25
0.018040 0.064340 -0.068070 0.132200 -0.925300 -0.355500 25
-0.132820 0.324200 0.095620 -0.733300 0.380500 0.563500 25
-0.131370 0.313640 0.104620 -0.732400 0.368400 0.572600 25
0.122310 0.122390 -0.080760 0.635100 -0.609400 -0.474600 25
0.118440 0.111970 -0.072670 0.640300 -0.616000 -0.458900 25
0.047530 0.413670 0.030530 0.337300 0.926800 0.165100 25
0.036180 0.363610 -0.131600 0.375400 0.549900 -0.746100 25
-0.079770 0.152890 0.146460 -0.367500 -0.378900 0.849300 25
-0.077690 0.177510 0.158360 -0.346200 -0.371000 0.861700 25
0.167380 0.216950 0.076630 0.910800 -0.186500 0.368400 25
0.163420 0.204170 0.081790 0.876400 -0.144700 0.459400 25
0.040460 0.413420 0.040670 0.163700 0.937400 0.307400 25
-0.026980 -0.340320 0.082100 0.000000 1.000000 0.000000 24
-0.087240 -0.340320 0.088480 0.000000 -1.000000 0.000000 24
-0.046120 -0.340320 0.067130 0.000000 1.000000 0.000000 24
-0.060930 -0.340320 0.072090 0.000000 1.000000 0.000000 24
0.093240 -0.340320 0.084810 0.000021 0.999400 -0.035590 24
-0.059150 -0.340320 0.084110 0.000000 1.000000 0.000000 24
0.129540 -0.340320 0.085650 0.000143 -1.000000 0.000143 24
0.017550 -0.340320 0.086840 0.000000 -1.000000 0.000000 24
0.104300 0.386340 -0.031980 0.508400 0.830000 -0.229200 25
0.017980 0.056870 -0.044600 0.391500 -0.220700 -0.893300 24
-0.016640 0.418120 0.036540 -0.055000 0.994300 0.091140 25
-0.072700 0.071520 0.048470 -0.328000 -0.921200 0.209500 25
0.126480 0.269140 0.132360 0.784300 0.169400 0.596800 25
0.121760 0.240630 0.140670 0.605900 0.098590 0.789400 25
0.133150 -0.347200 0.126000 0.801000 0.069190 0.594700 24
-0.179000 0.198180 0.030820 -0.978700 -0.160600 0.127800 25
-0.179610 0.211350 0.039510 -0.981900 -0.136200 0.131900 25
0.068830 0.089650 0.090360 0.380800 -0.740900 0.553200 25
-0.051320 0.056870 -0.007490 0.711000 -0.702900 0.018060 24
-0.129150 0.214400 -0.132360 -0.761000 -0.132200 -0.635200 25
0.090410 -0.423450 -0.030500 0.000000 -1.000000 0.000000 24
0.097790 -0.423450 0.026610 0.000000 -1.000000 0.000000 24
0.060110 -0.423450 0.023110 0.000000 1.000000 0.000000 24
0.114390 -0.423450 -0.006950 0.041620 0.998900 0.023760 24
0.134420 -0.423450 -0.034140 -0.445300 0.895400 -0.000183 24
0.140190 -0.423450 0.043770 0.370000 -0.929000 0.000000 24
0.131660 -0.423450 -0.000180 0.000000 -1.000000 0.000000 24
0.058730 -0.423450 0.016150 0.000000 -1.000000 0.000000 24
0.117180 -0.423450 0.012910 0.000000 1.000000 0.000000 24
0.088900 -0.423450 0.024840 0.000000 -1.000000 0.000000 24
0.085830 -0.423450 0.040720 0.047380 0.995900 -0.077050 24
0.100860 -0.423450 -0.041820 -0.005956 1.000000 -0.005946 24
0.076960 -0.423450 -0.037710 0.000000 -1.000000 0.000000 24
0.062240 0.063120 0.024570 0.353200 -0.924100 0.146000 25
0.144780 -0.356870 0.095150 0.989800 0.029700 0.139500 24
0.067560 0.386740 0.084390 0.334800 0.786900 0.518300 25
0.062690 0.410370 -0.015790 0.350100 0.934400 -0.065340 25
0.037320 0.366740 0.128560 0.237200 0.721700 0.650300 25
-0.085500 0.363250 0.105440 -0.472100 0.617000 0.629600 25
-0.111680 -0.423450 0.139290 0.000000 -1.000000 0.000000 24
-0.151590 0.254710 -0.104510 -0.787200 0.129400 -0.603000 25
-0.159590 0.235840 -0.098120 -0.799700 0.082660 -0.594700 25
0.044800 0.054990 0.006390 -0.001810 -1.000000 -0.000913 25
-0.052390 -0.108420 -0.011390 -0.966000 0.000002 -0.258600 24
-0.051540 -0.155680 -0.015270 -0.939000 -0.000040 -0.343800 24
-0.052800 -0.013680 -0.009510 0.940900 0.210600 0.265400 24
0.081380 0.122780 -0.122200 0.482800 -0.609200 -0.629100 25
0.086110 0.106010 -0.102370 0.436300 -0.704700 -0.559500 25
0.043320 -0.423450 0.152190 0.000000 -1.000000 0.004065 24
-0.136720 0.331420 -0.084530 -0.692100 0.490200 -0.529900 25
-0.117430 0.363760 -0.069240 -0.681600 0.613300 -0.399200 25
-0.034450 0.395360 0.090660 -0.161100 0.899200 0.406700 25
0.056870 0.348760 -0.135260 0.349300 0.606600 -0.714100 25
0.070740 0.350460 -0.128120 0.396400 0.591700 -0.702000 25
0.032380 0.265570 -0.179780 0.128700 0.128700 -0.983300 25
0.040110 0.274140 -0.177630 0.128800 0.132100 -0.982800 25
0.000800 0.105350 -0.134170 -0.047780 -0.620500 -0.782800 25
0.017370 0.127310 -0.148980 0.103300 -0.609300 -0.786200 25
0.174900 0.209200 -0.055820 0.911100 -0.109400 -0.397500 25
-0.012370 0.063960 0.067900 -0.064690 -0.924400 0.375900 25
0.159260 0.332840 -0.007170 0.822200 0.567400 -0.045320 25
0.155410 0.334380 -0.027480 0.773200 0.625300 -0.105700 25
0.001390 0.259290 0.184680 -0.031500 0.135300 0.990300 25
-0.151940 -0.417070 0.035310 -0.999700 -0.023720 0.000000 24
-0.151940 -0.375560 0.039410 1.000000 -0.005902 -0.006018 24
-0.151940 -0.406990 0.052080 -1.000000 0.000000 0.000000 24
-0.151940 -0.397740 0.079410 -1.000000 0.000000 0.000000 24
-0.151940 -0.358050 0.075160 1.000000 0.000000 0.000000 24
-0.151940 -0.395270 0.018310 1.000000 0.000000 0.000000 24
-0.151940 -0.390760 0.029640 -1.000000 0.000000 0.000000 24
-0.151940 -0.414850 0.020170 0.954300 0.298800 0.000000 24
-0.122910 -0.340320 -0.132510 0.319300 -0.891000 0.322700 24
-0.063320 0.096000 -0.105020 -0.368800 -0.794000 -0.483200 25
-0.076370 0.097690 -0.097770 -0.395200 -0.761000 -0.514500 25
-0.042400 0.192290 0.176700 -0.180400 -0.173500 0.968200 25
-0.040260 0.222940 0.181050 -0.063450 -0.127200 0.989800 25
0.104780 -0.423450 0.132500 -0.013230 0.999800 -0.012820 24
0.164590 0.292030 -0.064620 0.839000 0.338900 -0.425700 25
0.053710 0.023350 0.038970 -0.230000 -0.962600 -0.143300 24
0.046480 0.075500 -0.083730 0.215900 -0.838800 -0.499800 25
-0.079810 -0.340320 0.129350 0.000000 -1.000000 0.000000 24
0.060370 -0.340320 0.005410 -0.004372 -1.000000 0.000465 24
0.002950 -0.423450 -0.007250 -0.044370 -0.935200 0.351400 24
0.151870 0.190450 0.098550 0.777700 -0.035830 0.627600 25
0.156890 0.216680 0.097670 0.764000 -0.190600 0.616400 25
-0.130020 0.103070 -0.016600 -0.753700 -0.650000 -0.097400 25
-0.130240 0.101940 -0.003720 -0.668000 -0.738800 -0.089020 25
-0.046090 -0.340320 0.108420 0.000000 -1.000000 0.000000 24
-0.068330 -0.340320 0.108760 0.000000 -1.000000 0.000000 24
0.069500 -0.340320 0.119210 0.000000 0.999400 -0.035680 24
-0.035280 -0.340320 0.118960 0.000000 -1.000000 0.000000 24
-0.104820 0.085890 0.030950 -0.566700 -0.795000 0.216200 25
0.063390 0.404200 -0.047110 0.285900 0.934800 -0.210800 25
0.097000 -0.407180 -0.146050 -0.396400 -0.000114 0.918100 24
0.175390 0.173300 0.003080 0.915100 -0.402500 -0.023670 25
0.171350 0.166050 0.010750 0.932500 -0.356900 0.055720 25
0.088790 -0.340320 0.125020 0.000000 -1.000000 0.000000 24
0.050480 -0.340320 0.125580 0.000000 -1.000000 0.000000 24
0.107940 0.084830 -0.002140 0.604900 -0.794500 0.052850 25
0.135750 0.112250 -0.029370 0.794100 -0.584400 -0.167100 25
-0.031700 0.218220 -0.181550 -0.127200 -0.128300 -0.983500 25
-0.023220 0.229200 -0.184120 -0.128800 -0.037610 -0.991000 25
-0.027070 0.059550 -0.024260 -0.083700 -0.995200 -0.049850 24
0.090200 0.078400 -0.040740 0.389100 -0.907500 -0.158200 25
0.155210 0.146360 -0.051570 0.837800 -0.402400 -0.369100 25
0.001200 -0.251190 -0.050790 0.099750 0.000000 -0.995000 24
-0.003820 -0.266140 -0.050550 0.071950 0.000000 0.997400 24
0.065980 0.193930 -0.168510 0.354600 -0.227900 -0.906800 25
0.058790 0.201260 -0.172530 0.380300 -0.131700 -0.915400 25
0.068710 0.099620 -0.106820 0.336000 -0.798400 -0.499700 25
0.163130 0.147880 -0.015550 0.904100 -0.390400 -0.173900 25
0.159900 0.143130 -0.025000 0.781500 -0.615400 -0.102900 25
-0.010650 0.418910 -0.032580 0.018030 0.991700 -0.127200 25
-0.006540 -0.150270 -0.050420 0.165100 0.000000 0.986300 24
-0.006850 -0.230280 -0.050410 0.071950 0.000000 0.997400 24
-0.010230 -0.033780 -0.050250 0.165100 0.000000 0.986300 24
0.001520 0.031450 0.059190 0.186000 0.147600 0.971400 24
-0.020190 0.381190 -0.113580 -0.071070 0.789400 -0.609800 25
-0.020220 0.086010 -0.107120 -0.079150 -0.792900 -0.604200 25
0.062670 -0.340320 0.057330 0.011910 0.999900 -0.005946 24
-0.092340 -0.413400 0.157450 0.019940 -0.000008 0.999800 24
-0.108670 -0.340320 -0.056120 0.000000 1.000000 0.000000 24
-0.126080 -0.340320 0.023770 0.000000 -1.000000 0.000000 24
-0.119040 -0.340320 -0.040730 0.000000 1.000000 0.000000 24
-0.118590 -0.340320 0.001870 0.000000 -1.000000 0.000000 24
-0.061090 -0.340320 -0.024800 -0.074840 0.997000 -0.020020 24
-0.085360 -0.340320 -0.020590 0.000000 -1.000000 0.000000 24
-0.108630 -0.340320 -0.041020 0.000000 -1.000000 0.000000 24
-0.120930 -0.340320 0.030250 0.000000 -1.000000 0.000000 24
-0.142300 -0.340320 -0.061590 -0.004219 -1.000000 0.000000 24
-0.142470 -0.340320 -0.008760 -0.004604 0.998500 0.053870 24
-0.142600 -0.340320 -0.045770 0.167200 -0.985900 0.000000 24
-0.128800 -0.340320 -0.068130 0.000000 1.000000 0.000000 24
-0.131760 -0.340320 -0.033540 0.000000 -1.000000 0.000000 24
-0.052070 -0.340320 -0.020150 0.633500 -0.671900 0.383600 24
-0.096820 -0.340320 -0.013010 0.000000 -1.000000 0.000000 24
0.121440 -0.423450 -0.096570 0.000000 -1.000000 0.000000 24
-0.018610 -0.423450 -0.099160 0.000000 -1.000000 0.000000 24
0.112910 -0.423450 -0.096780 0.017890 0.999700 0.017910 24
0.141060 0.268520 0.115260 0.756000 0.157600 0.635300 25
-0.050830 -0.115470 -0.016770 0.931400 0.000000 0.364100 24
-0.046600 -0.306510 -0.024960 0.868100 0.000000 0.496400 24
-0.047310 -0.239620 -0.023600 0.853200 0.000000 0.521600 24
-0.049380 -0.165980 -0.019580 -0.888700 0.000008 -0.458600 24
-0.019120 0.417650 -0.039350 -0.067340 0.988200 -0.137500 25
0.008320 0.408380 -0.068460 0.053760 0.913300 -0.403800 25
-0.093690 0.389240 -0.047790 -0.535300 0.792900 -0.291100 25
-0.056770 0.030010 0.015900 0.968700 -0.024380 -0.247000 24
-0.119380 0.358260 -0.073580 -0.632100 0.605100 -0.484100 25
-0.131340 0.332800 -0.089810 -0.651500 0.567600 -0.503400 25
-0.025510 0.075300 -0.092130 -0.150800 -0.866700 -0.475500 25
-0.041590 0.089780 -0.105890 -0.232400 -0.793000 -0.563200 25
0.116210 0.275980 0.139110 0.598700 0.204200 0.774500 25
0.101070 0.275900 0.150740 0.602300 0.130100 0.787600 25
0.090930 -0.340320 -0.090640 0.000000 1.000000 0.000000 24
0.044590 -0.340320 -0.085550 0.000000 -1.000000 0.000000 24
0.142410 -0.423450 -0.077060 0.978700 -0.168500 -0.117600 24
0.114850 -0.423450 -0.063550 -0.023720 0.998900 -0.041610 24
0.113850 -0.371410 -0.135440 0.649000 0.000000 -0.760800 24
-0.009060 0.378480 -0.118580 -0.071230 0.788500 -0.610900 25
0.088470 -0.423450 0.126490 0.017880 0.999700 0.017740 24
0.004600 -0.423450 0.123810 0.000000 -1.000000 0.000000 24
-0.049600 -0.263360 0.025560 -0.889000 0.000000 0.458000 24
-0.051410 -0.265610 0.019880 -0.948100 0.000000 0.318000 24
-0.051010 -0.129380 0.021130 -0.925400 -0.000769 0.379000 24
-0.051100 -0.336820 0.020840 0.908000 -0.033780 -0.417600 24
-0.142240 0.267850 0.113880 -0.786500 0.129200 0.603900 25
-0.158480 0.248440 0.096880 -0.791600 0.128000 0.597500 25
-0.157440 0.137490 -0.012950 -0.864400 -0.490400 -0.111100 25
-0.148510 0.129760 -0.035340 -0.783400 -0.610100 -0.118900 25
0.120080 -0.341900 0.140680 0.695100 0.141600 0.704800 24
0.127350 0.295620 -0.122030 0.701200 0.370500 -0.609200 25
-0.031350 0.081940 -0.026180 -0.083700 -0.995200 -0.049850 24
0.122090 -0.353060 0.138910 0.677200 0.000108 0.735800 24
-0.040100 -0.423450 0.137700 0.000000 -1.000000 0.000000 24
0.057220 0.409090 -0.035930 0.345800 0.903300 -0.254100 25
-0.142240 0.124880 0.043650 -0.735500 -0.609100 0.296800 25
-0.082660 0.377240 0.088270 -0.371100 0.817500 0.440400 25
-0.021340 0.067860 -0.075970 -0.112600 -0.925300 -0.362100 25
-0.053400 -0.003890 0.052950 0.545400 0.418500 -0.726200 24
0.144910 -0.397660 -0.076310 -0.995800 -0.000503 0.091090 24
-0.025780 0.125270 0.146290 -0.105900 -0.616600 0.780200 25
-0.021460 0.129780 0.150360 -0.109400 -0.574500 0.811200 25
-0.185130 0.241760 -0.015520 -0.989800 0.030670 -0.138900 25
-0.150120 0.295770 0.092250 -0.742300 0.417400 0.524200 25
-0.116590 0.128610 0.096060 -0.629200 -0.608700 0.483300 25
-0.115360 0.121100 0.088190 -0.629400 -0.608900 0.482900 25
-0.030890 0.132090 -0.150900 -0.106400 -0.608800 -0.786100 25
-0.038820 0.133650 -0.151060 -0.106400 -0.608800 -0.786100 25
-0.144320 0.195400 0.109450 -0.786200 -0.130600 0.603900 25
-0.052840 -0.086360 0.015400 0.962300 -0.000003 -0.272000 24
-0.052020 -0.014530 0.017950 0.666400 0.701300 -0.253400 24
-0.052750 -0.225980 0.015670 0.974300 0.000000 -0.225100 24
-0.170180 0.310610 0.003330 -0.923600 0.383300 0.000039 25
-0.162490 0.321820 0.026460 -0.917000 0.380200 0.120400 25
-0.148300 -0.360990 -0.103990 -0.935600 0.000000 -0.353000 24
-0.142180 -0.376660 0.126860 -0.807700 0.000007 0.589600 24
-0.149350 0.345770 0.007100 -0.789100 0.605400 0.103900 25
0.007230 0.117990 -0.014800 0.075440 -0.991100 -0.109200 24
0.145230 -0.340320 -0.013050 0.171400 0.985200 0.000000 24
0.145000 -0.340320 -0.047230 0.988700 0.145900 0.033260 24
0.070390 -0.340320 -0.004020 0.000000 -1.000000 0.000000 24
0.093850 -0.340320 -0.005220 0.000000 -1.000000 0.000000 24
0.120760 -0.340320 -0.037380 0.000000 1.000000 0.000000 24
0.127040 -0.340320 0.063960 0.035650 0.998700 -0.035650 24
0.080810 -0.340320 -0.028670 0.000000 1.000000 0.000000 24
0.119460 -0.340320 -0.021460 0.000000 -1.000000 0.000000 24
0.139590 -0.340320 -0.021910 0.000430 1.000000 0.000000 24
0.123060 -0.340320 0.053810 -0.000108 1.000000 0.000215 24
0.098020 -0.340320 0.017900 -0.000258 0.999400 0.035890 24
0.111190 -0.340320 0.037630 0.035570 0.998700 -0.035550 24
0.090230 -0.340320 -0.039700 0.000000 1.000000 0.000000 24
0.109920 -0.340320 0.020220 0.000000 -1.000000 0.000000 24
0.138640 0.357190 -0.021880 0.777300 0.618100 -0.117200 25
-0.181970 0.225050 -0.035360 -0.985600 -0.107000 -0.131100 25
-0.182800 0.204050 -0.007910 -0.982700 -0.131400 -0.130200 25
-0.176660 0.191690 -0.042100 -0.971300 -0.204400 -0.121700 25
0.169710 0.190000 0.061740 0.915300 -0.132600 0.380300 25
0.158530 0.189530 0.088570 0.883500 -0.181300 0.431900 25
0.016080 0.081530 0.101770 0.080190 -0.794400 0.602100 25
0.110110 0.361140 0.082060 0.585200 0.630600 0.509800 25
-0.151020 -0.385540 0.103100 0.995200 -0.000043 -0.097920 24
0.170610 0.182200 0.053190 0.896700 -0.265700 0.354100 25
0.150600 0.163980 0.081800 0.835700 -0.382900 0.393800 25
-0.142770 0.339310 0.057540 -0.752200 0.545300 0.369900 25
-0.114180 0.090380 0.010240 -0.603900 -0.793900 0.070680 25
0.050320 0.236310 0.180790 0.346200 0.093710 0.933500 25
0.092590 0.238750 0.162940 0.522600 0.083630 0.848500 25
0.085850 0.261970 0.162450 0.356300 0.206900 0.911200 25
-0.051710 -0.337980 -0.014490 0.633500 -0.671900 0.383600 24
-0.080860 0.072130 0.036500 -0.375900 -0.913900 0.153300 25
0.046550 0.277620 0.176330 0.111700 0.151800 0.982100 25
-0.102340 -0.344150 0.155870 0.150200 -0.275600 -0.949500 24
0.088950 0.305450 0.147640 0.535100 0.455100 0.711800 25
0.000670 -0.340320 0.152180 0.000035 1.000000 0.002567 24
0.069080 -0.423450 0.103740 0.000000 -1.000000 0.000000 24
-0.078590 -0.423450 0.099910 0.000000 0.999400 0.035790 24
-0.132390 0.181400 0.119290 -0.740500 -0.349600 0.574000 25
-0.144980 0.160340 0.088550 -0.782400 -0.377200 0.495600 25
0.075590 -0.340320 0.062370 0.000000 -1.000000 0.000000 24
0.030330 -0.340320 0.047910 -0.517600 -0.534400 -0.668200 24
0.111690 0.321080 -0.122090 0.537900 0.416100 -0.733100 25
0.117630 0.307650 -0.124490 0.583700 0.386400 -0.714100 25
0.080270 0.138110 -0.137890 0.447500 -0.560400 -0.696900 25
0.085730 0.111290 -0.107760 0.483100 -0.608700 -0.629300 25
0.017380 0.413840 0.053310 0.105900 0.930100 0.351600 25
-0.025570 -0.340320 -0.067000 0.000107 1.000000 0.000431 24
0.016580 -0.340320 -0.064420 0.000000 -1.000000 0.000000 24
-0.023800 -0.340320 -0.059860 0.000000 -1.000000 0.000000 24
-0.037980 -0.340320 -0.058910 0.005918 0.999500 -0.029790 24
0.103720 -0.340320 -0.076080 0.000000 -1.000000 0.000000 24
0.042900 -0.340320 -0.065130 -0.017820 0.998400 -0.053730 24
-0.094250 -0.340320 -0.076760 0.012000 0.999100 -0.041780 24
0.031490 -0.009610 -0.060260 -0.300400 0.847600 0.437400 24
-0.067660 0.198320 0.168440 -0.350100 -0.159900 0.923000 25
-0.075650 0.203800 0.165920 -0.310800 -0.163000 0.936400 25
-0.051160 0.080620 0.089010 -0.350200 -0.806400 0.476500 25
-0.142030 -0.418250 0.127090 -0.841900 -0.079050 0.533700 24
-0.080550 0.289300 -0.159210 -0.353600 0.378700 -0.855300 25
-0.075560 0.304360 -0.154580 -0.355300 0.378400 -0.854700 25
-0.030330 0.419400 0.002750 -0.152800 0.988300 -0.001124 25
-0.146110 0.247290 0.113240 -0.787700 0.113100 0.605600 25
-0.146450 0.253870 0.111390 -0.787000 0.129500 0.603200 25
-0.150200 -0.340320 -0.012910 -0.555000 0.831800 0.006986 24
-0.078180 -0.340320 -0.028680 0.000000 1.000000 0.000000 24
-0.117890 -0.340320 0.025170 0.000000 -1.000000 0.000000 24
-0.116150 -0.340320 -0.021960 0.000000 1.000000 0.000000 24
-0.103730 -0.340320 -0.037340 0.000000 1.000000 0.000000 24
-0.124820 -0.340320 0.009790 -0.071130 0.994900 0.071130 24
-0.150500 -0.340320 0.007810 -0.510000 0.860200 0.000000 24
-0.096360 -0.340320 0.024300 0.000000 1.000000 0.000000 24
-0.115320 -0.340320 -0.009240 0.000000 -1.000000 0.000000 24
-0.120960 -0.340320 0.049670 -0.035650 0.998700 -0.035650 24
-0.146610 0.142390 -0.068040 -0.783900 -0.527100 -0.328000 25
-0.157030 0.157330 -0.059060 -0.853500 -0.382600 -0.353700 25
-0.164460 0.167470 0.052090 -0.884000 -0.382800 0.268300 25
-0.161590 0.183020 0.075870 -0.855500 -0.378800 0.353000 25
-0.122940 -0.394960 -0.139840 -0.629500 0.000060 -0.777000 24
0.083780 -0.340320 0.034330 -0.011910 0.999600 0.023830 24
0.087500 0.083660 0.059720 0.477700 -0.822900 0.307800 25
0.058810 0.064030 -0.036870 0.314000 -0.924600 -0.215800 25
-0.019330 0.381380 0.113450 -0.116700 0.811300 0.572900 25
0.100650 0.079270 -0.002030 0.604800 -0.794600 -0.053270 25
0.005860 0.117990 0.013740 0.077180 -0.991600 0.103700 24
0.036470 0.070660 0.001010 -0.001810 -1.000000 -0.000913 24
0.131370 0.287270 -0.122420 0.755700 0.253200 -0.603900 25
0.138210 0.303170 -0.102770 0.737900 0.358300 -0.571900 25
-0.023900 0.265860 0.180860 -0.088560 0.135400 0.986800 25
-0.180490 0.280920 0.011630 -0.975400 0.180300 0.127000 25
-0.177860 0.281640 0.030840 -0.970500 0.205600 0.125800 25
-0.181430 0.195150 -0.009320 -0.987800 -0.131400 -0.084050 25
-0.179860 0.203070 -0.029210 -0.983600 -0.128300 -0.127200 25
-0.056210 -0.340320 0.105000 0.000000 1.000000 0.000000 24
-0.140330 -0.340320 0.105860 -0.000105 1.000000 0.000043 24
0.108820 0.095700 -0.054690 0.554500 -0.792900 -0.252500 25
0.101820 0.091600 -0.057650 0.554500 -0.792900 -0.252500 25
-0.035080 -0.299970 -0.038700 -0.622200 -0.000033 -0.782900 24
-0.031220 -0.177140 -0.041180 -0.532800 0.000020 -0.846200 24
-0.031430 -0.155240 -0.041040 0.516000 -0.006336 0.856600 24
-0.041440 0.091740 0.108730 -0.232900 -0.793100 0.562800 25
-0.060600 -0.423450 0.110700 0.000000 1.000000 0.000107 24
-0.026650 -0.423450 0.108210 -0.017860 0.999800 0.000000 24
-0.131090 0.273750 -0.127140 -0.786700 0.130800 -0.603300 25
-0.037680 0.389650 0.097310 -0.280600 0.812300 0.511400 25
0.070010 -0.340320 0.047950 0.000000 -1.000000 0.000000 24
-0.023440 0.294390 -0.174250 -0.121200 0.380900 -0.916600 25
0.021010 0.076210 -0.029570 0.075870 -0.991400 -0.106400 24
-0.159070 0.252930 -0.095150 -0.828700 0.125500 -0.545500 25
-0.159050 0.266740 -0.092210 -0.828300 0.123300 -0.546500 25
-0.038540 0.144120 -0.158540 -0.185300 -0.383800 -0.904600 25
-0.014090 0.159070 -0.168000 -0.119800 -0.383000 -0.915900 25
0.029680 0.346010 0.146200 0.103400 0.585200 0.804300 25
0.031380 0.354810 0.139220 0.104100 0.604800 0.789500 25
0.081270 -0.340320 0.006100 0.000000 -1.000000 0.000000 24
0.121540 -0.340320 -0.000960 0.000000 -1.000000 0.000000 24
0.093400 -0.340320 0.012270 -0.000258 0.999400 0.035890 24
0.110810 -0.340320 -0.051360 0.000000 -1.000000 0.000000 24
0.100380 -0.340320 0.034890 0.082830 0.994800 -0.059130 24
0.084680 -0.340320 -0.010460 0.000000 1.000000 0.000000 24
0.137350 -0.340320 0.020500 -0.186400 -0.982500 0.000000 24
0.066960 -0.340320 -0.014940 -0.000322 1.000000 0.000107 24
0.118320 -0.340320 0.026740 0.000000 1.000000 0.000000 24
0.107920 -0.340320 -0.024260 0.000000 -1.000000 0.000000 24
-0.014820 0.052840 0.025030 -0.072020 -0.991700 0.106800 25
-0.081280 0.130950 0.130190 -0.482900 -0.608800 0.629500 25
-0.130200 0.301100 -0.114610 -0.734300 0.380000 -0.562500 25
-0.092740 0.397980 0.012340 -0.529400 0.839000 0.125600 25
-0.118540 0.237830 0.143600 -0.570400 0.087500 0.816700 25
-0.098770 0.237160 0.158880 -0.615100 -0.013770 0.788400 25
-0.057680 0.271410 0.172780 -0.383100 0.144500 0.912300 25
-0.055180 0.253010 0.176420 -0.343100 0.181700 0.921600 25
-0.084850 -0.340320 -0.132620 0.000000 1.000000 0.000000 24
-0.090460 0.381340 -0.071110 -0.485600 0.790900 -0.372500 25
-0.039650 -0.340320 -0.125150 0.000000 -1.000000 0.000000 24
0.000570 -0.423450 0.129830 0.000000 -1.000000 0.000000 24
-0.083390 0.389860 0.062230 -0.508000 0.783100 0.358700 25
-0.089560 -0.371750 0.157630 0.056400 0.000000 -0.998400 24
-0.054430 -0.148530 -0.000570 0.998500 0.000000 0.055410 24
-0.054220 -0.023360 0.004020 0.999300 0.000021 -0.036810 24
-0.054340 -0.015000 0.001360 0.996700 0.080510 0.005355 24
0.005580 -0.162220 -0.050490 0.099750 0.000000 -0.995000 24
0.010780 -0.012330 -0.049360 0.097760 -0.609300 -0.786900 24
0.170170 0.237230 -0.075640 0.913100 0.136200 -0.384400 25
0.163960 0.236280 -0.090960 0.919700 0.130600 -0.370200 25
0.139780 0.151550 0.089350 0.764000 -0.388900 0.514800 25
-0.005510 0.391760 -0.101750 -0.089980 0.805500 -0.585700 25
-0.133040 -0.359840 0.138600 0.660600 0.018140 -0.750500 24
0.044990 0.413930 -0.032830 0.326800 0.920600 -0.213700 25
-0.054050 -0.223780 0.007580 -0.993900 0.000000 0.110000 24
-0.054120 -0.168760 0.006170 0.993800 -0.011870 -0.110800 24
-0.053930 -0.139180 0.010240 -0.963000 0.000331 0.269500 24
0.046770 0.388560 -0.095070 0.257100 0.796900 -0.546800 25
-0.086480 -0.423450 -0.104340 0.000000 1.000000 0.000000 24
-0.006090 -0.423450 -0.104830 0.000000 1.000000 0.000000 24
-0.098260 0.081700 -0.032490 -0.562900 -0.793100 -0.232700 25
-0.133190 0.367750 -0.001740 -0.732800 0.680100 0.021040 25
-0.011000 0.373710 0.124550 -0.032300 0.774500 0.631800 25
0.066730 0.069870 -0.049740 0.311400 -0.922200 -0.229300 25
0.118200 0.330250 0.110130 0.565800 0.581600 0.584500 25
-0.137240 -0.423450 -0.116790 -0.096630 -0.994100 -0.048780 24
-0.127720 0.370040 -0.023190 -0.768900 0.630400 -0.106800 25
0.027820 0.384200 -0.108660 0.062560 0.786400 -0.614600 25
-0.091520 0.320760 -0.137740 -0.496600 0.400600 -0.770000 25
0.096000 -0.340320 0.132260 0.023870 0.999700 0.005890 24
-0.010390 -0.340320 0.134490 0.000000 1.000000 0.000000 24
0.052380 -0.065190 -0.002330 -0.999900 0.000021 -0.010850 24
0.052660 -0.124900 0.003620 -0.994900 0.001234 -0.101300 24
0.052770 -0.228980 0.005980 0.997800 -0.017890 0.064060 24
0.095640 0.129010 0.117290 0.525100 -0.601800 0.601800 25
-0.176520 0.287200 -0.028810 -0.931300 0.339000 -0.133500 25
-0.176740 0.289200 -0.020850 -0.932500 0.338300 -0.126200 25
-0.141960 0.348750 0.040720 -0.720300 0.625100 0.300600 25
-0.060390 0.189700 -0.170220 -0.370100 -0.220400 -0.902500 25
-0.071240 0.198600 -0.167000 -0.380100 -0.129900 -0.915800 25
-0.079410 -0.340320 0.010960 0.000000 -1.000000 0.000000 24
-0.036370 0.056870 -0.009400 -0.098250 -0.995000 -0.019740 24
0.149010 0.318400 0.073930 0.854700 0.380200 0.353500 25
0.153130 0.306350 0.076910 0.854300 0.380400 0.354300 25
-0.040700 0.216530 0.180140 -0.194100 -0.147000 0.969900 25
-0.033790 0.228690 0.182660 -0.129200 -0.142900 0.981300 25
-0.008980 0.417910 -0.040890 -0.041220 0.985600 -0.163800 25
-0.102620 -0.423450 0.064070 -0.023720 0.998000 -0.059340 24
0.062570 0.066430 -0.041480 0.347600 -0.917700 -0.192500 25
0.043520 -0.220210 -0.027000 0.805200 0.000000 -0.592900 24
0.041940 -0.104910 -0.029460 -0.807500 0.000000 0.589900 24
0.040800 -0.175060 -0.031230 -0.834300 0.000000 0.551300 24
-0.104860 0.377070 -0.061410 -0.530800 0.798600 -0.283800 25
0.116390 0.375430 0.039600 0.562600 0.761300 0.322300 25
-0.184780 0.226670 0.015700 -0.981100 -0.141100 0.132400 25
0.024630 -0.423450 0.131080 0.000000 1.000000 0.000000 24
0.014760 0.407770 0.069090 0.046770 0.908600 0.415100 25
-0.059200 -0.423450 0.121780 0.000000 1.000000 0.000000 24
-0.032050 -0.423450 0.120050 0.000000 -1.000000 0.000000 24
0.008770 0.419380 -0.029480 0.020410 0.989500 -0.142800 25
0.007070 -0.340320 -0.088680 0.000000 -1.000000 0.000000 24
0.137740 -0.340320 -0.083920 0.927200 0.309500 -0.211000 24
0.069490 -0.340320 -0.083840 0.000000 -1.000000 0.000000 24
0.043590 -0.041470 0.033110 -0.739700 0.000000 -0.672900 24
0.043810 -0.127060 0.032670 -0.868600 0.000000 -0.495400 24
0.044620 -0.221540 0.031110 -0.828200 0.000002 -0.560500 24
0.047050 -0.045270 0.026410 -0.896600 -0.000002 -0.442800 24
-0.120410 0.316410 -0.117040 -0.734500 0.380700 -0.561800 25
-0.124910 0.302380 -0.120630 -0.734300 0.380000 -0.562500 25
0.047680 -0.340320 0.091710 0.000000 -1.000000 0.000000 24
-0.076670 -0.340320 0.092590 0.000000 0.999400 0.035790 24
-0.129660 0.190310 0.127460 -0.662400 -0.074850 0.745400 25
-0.009590 -0.340320 -0.129670 0.000000 -1.000000 0.000000 24
-0.078570 0.105530 0.107690 -0.482700 -0.608800 0.629600 25
0.103750 0.245750 0.153640 0.630000 0.073970 0.773100 25
0.126600 0.237970 0.137390 0.601800 -0.150800 0.784300 25
-0.029340 0.061260 -0.055420 -0.173500 -0.924900 -0.338300 25
-0.054990 0.040760 -0.017330 0.950200 -0.134800 0.281100 24
-0.064120 0.023350 0.005760 -0.358400 0.933400 -0.020460 24
-0.030760 0.360610 0.134860 -0.177600 0.614200 0.768900 25
-0.159230 0.155070 0.051290 -0.855700 -0.386900 0.343500 25
0.184320 0.221410 0.013860 0.983100 -0.175200 0.052550 25
0.182110 0.219900 0.029120 0.979400 -0.153400 0.131300 25
0.150710 0.334620 -0.047690 0.724700 0.564800 -0.394700 25
0.126850 0.352230 -0.070280 0.655000 0.567300 -0.499100 25
-0.144520 0.348170 0.029810 -0.788800 0.605900 0.103500 25
0.073840 0.072220 -0.049780 0.305900 -0.923900 -0.229700 25
0.117060 -0.390150 0.143260 -0.658500 -0.000411 -0.752600 24
-0.092310 0.114600 0.105910 -0.482800 -0.609100 0.629200 25
0.049350 -0.063120 -0.015620 0.920700 0.000000 -0.390200 24
0.051720 -0.265840 -0.008210 -0.978900 -0.000003 0.204200 24
0.052070 -0.247120 -0.007080 -0.959100 0.000000 0.283100 24
-0.038460 0.056870 -0.025200 0.139400 -0.977000 0.161200 24
-0.094790 0.270280 0.156480 -0.603300 0.129100 0.787000 25
-0.101050 0.255200 0.154160 -0.642600 0.079480 0.762100 25
0.099700 0.336770 -0.119940 0.496100 0.595100 -0.632300 25
-0.047130 0.412640 -0.035130 -0.317500 0.914300 -0.251500 25
-0.091850 -0.340320 0.131430 -0.017860 0.999800 0.000000 24
-0.047930 -0.340320 0.130280 0.000000 -1.000000 0.000000 24
0.179100 0.201020 0.032960 0.981700 -0.094750 0.165000 25
0.077880 0.297620 -0.156610 0.354000 0.380000 -0.854600 25
0.088220 0.286970 -0.157060 0.355200 0.342600 -0.869700 25
-0.041340 -0.299140 -0.032050 0.791300 0.000000 0.611400 24
-0.036790 -0.339010 -0.037050 0.512700 -0.662600 0.545900 24
-0.043020 -0.083820 -0.030210 -0.829900 -0.000002 -0.558000 24
0.041540 0.070400 0.074250 0.196100 -0.910700 0.363600 25
0.027230 0.409660 0.060050 0.149900 0.913700 0.377700 25
-0.096810 -0.375230 0.156970 0.166700 0.000000 -0.986000 24
0.143490 0.267140 -0.112400 0.779800 0.097260 -0.618400 25
0.149000 0.257110 -0.107370 0.815300 0.150900 -0.559000 25
0.048610 0.411210 0.038820 0.293100 0.932400 0.211700 25
-0.009780 0.077180 -0.096890 -0.067290 -0.839700 -0.538800 25
-0.036900 0.413090 -0.044420 -0.280900 0.911500 -0.300300 25
-0.004690 0.023350 -0.060190 0.008739 0.905200 -0.424900 24
0.145500 0.198310 -0.108540 0.819900 -0.081750 -0.566700 25
0.130090 0.192980 -0.127470 0.635600 -0.153400 -0.756700 25
-0.124230 0.285870 -0.130710 -0.608300 0.350600 -0.712100 25
-0.104150 0.295470 -0.141140 -0.562700 0.379800 -0.734200 25
0.051210 0.039910 0.023510 0.840800 -0.039960 0.539800 24
0.037480 0.064920 0.061040 0.218400 -0.924100 0.313500 25
0.011370 -0.226370 -0.049230 0.322200 0.000000 -0.946700 24
0.007320 -0.339130 -0.050110 -0.032820 -0.963600 0.265500 24
0.013300 -0.167860 -0.048800 0.322200 0.000000 -0.946700 24
0.045380 0.055280 0.014330 -0.328400 -0.938200 -0.109400 25
-0.009670 0.117990 0.023360 -0.072020 -0.991700 0.106800 24
0.021200 0.133540 -0.153300 0.101400 -0.568500 -0.816400 25
-0.067630 0.345730 0.133300 -0.254200 0.596000 0.761600 25
-0.121370 0.197590 0.135540 -0.662400 -0.074850 0.745400 25
-0.126030 0.200550 0.132460 -0.662400 -0.074850 0.745400 25
0.017780 0.051490 0.005890 0.107200 -0.991800 0.070120 25
0.183270 0.236260 0.035190 0.987900 0.075290 0.135800 25
0.182440 0.271320 0.006430 0.996400 0.079370 0.029830 25
-0.005250 0.051380 0.017060 -0.001760 -0.992000 0.126400 25
0.041600 0.135170 -0.151630 0.273200 -0.614500 -0.740100 25
-0.022350 0.052460 -0.013560 -0.108000 -0.991800 -0.068940 25
-0.067700 0.019400 -0.024800 0.575200 -0.730100 0.368900 24
-0.169580 0.294160 0.050300 -0.884300 0.381100 0.269800 25
-0.022360 0.419770 0.016330 -0.118600 0.986600 0.111800 25
-0.024570 -0.423450 0.016570 -0.029750 0.999500 -0.011910 24
0.139440 -0.381080 -0.100420 0.900600 -0.017760 -0.434300 24
0.124820 0.107890 -0.051620 0.732800 -0.609000 -0.303600 25
-0.060230 -0.009610 -0.009260 0.224400 0.973600 0.041540 24
0.121690 0.230620 0.140780 0.601800 -0.150800 0.784300 25
0.017930 -0.423450 -0.111820 0.000000 1.000000 0.000000 24
-0.143720 -0.423450 -0.113670 0.555600 0.735100 0.388500 24
0.054730 0.140640 0.150740 0.342000 -0.620100 0.706000 25
0.070670 0.120650 0.127520 0.392300 -0.605500 0.692400 25
0.082440 0.157730 -0.147530 0.441100 -0.392700 -0.807000 25
-0.049920 -0.423450 0.024450 -0.041600 0.998300 -0.041490 24
0.167490 0.318060 0.000350 0.947400 0.318100 0.034350 25
-0.092260 0.392870 -0.039010 -0.553600 0.799600 -0.232700 25
-0.112920 -0.423450 0.102290 0.000000 0.999400 0.035790 24
0.040410 -0.423450 0.105130 0.000000 -1.000000 0.000000 24
-0.060710 0.067140 -0.046750 -0.304500 -0.923500 -0.233400 25
-0.055020 0.066960 -0.053430 -0.268100 -0.925300 -0.268400 25
0.171190 0.243520 0.071050 0.916600 0.123800 0.380100 25
0.168850 0.236890 0.078960 0.918400 -0.103000 0.381900 25
0.011190 0.252320 -0.184310 0.127900 0.128700 -0.983400 25
0.004840 0.247500 -0.185780 0.096600 0.137400 -0.985800 25
-0.173470 0.208780 -0.059110 -0.923700 -0.128200 -0.361000 25
-0.175970 0.197780 -0.049300 -0.974100 -0.124500 -0.188900 25
0.087460 0.241750 -0.164640 0.385400 0.128900 -0.913700 25
0.085140 0.274480 -0.160970 0.371600 0.178900 -0.911000 25
-0.023290 0.064480 -0.066320 -0.146200 -0.924000 -0.353200 25
0.074100 0.270410 -0.166120 0.377800 0.167800 -0.910500 25
0.071980 0.263900 -0.167920 0.379700 0.129900 -0.915900 25
0.114130 0.324300 0.118560 0.625100 0.366500 0.689200 25
0.094490 0.290600 0.151070 0.561400 0.343300 0.753000 25
-0.170330 0.240270 -0.074230 -0.918100 0.117500 -0.378500 25
-0.176740 0.270870 -0.048310 -0.934400 0.134900 -0.329600 25
0.020350 0.004930 -0.064630 0.287200 -0.000237 -0.957900 24
0.008750 0.408280 0.068660 0.046770 0.908600 0.415100 25
0.144260 0.175270 0.099650 0.733000 -0.330300 0.594700 25
0.149100 0.179250 0.096050 0.709200 -0.387300 0.589100 25
-0.141250 0.355300 -0.013120 -0.789000 0.605500 -0.104100 25
0.010150 0.391690 0.101230 0.079420 0.806000 0.586500 25
-0.096650 0.221260 0.158430 -0.562500 -0.125900 0.817100 25
-0.079890 0.376240 -0.092030 -0.372700 0.791100 -0.485100 25
-0.151940 -0.362710 -0.034210 1.000000 0.000000 0.000000 24
-0.151940 -0.347440 -0.071950 0.915100 -0.403300 -0.000145 24
-0.151940 -0.355860 -0.033040 1.000000 0.000000 0.000000 24
-0.151940 -0.346340 -0.027050 -0.977000 0.213100 0.000000 24
-0.151940 -0.381560 -0.024450 0.997500 0.071220 0.000000 24
-0.151940 -0.353950 -0.042430 1.000000 0.000000 0.000000 24
-0.151940 -0.349520 -0.081160 -0.966000 0.249800 -0.066610 24
-0.151940 -0.342940 0.078870 -0.977000 0.213100 0.000000 24
-0.151940 -0.400280 -0.064270 1.000000 0.000000 0.000000 24
-0.151940 -0.383470 -0.004610 -1.000000 0.000000 0.000000 24
-0.151940 -0.399370 -0.035270 1.000000 0.000000 0.000000 24
-0.081970 0.299960 -0.153880 -0.394100 0.392500 -0.831000 25
-0.082540 0.310110 -0.149130 -0.562700 0.380100 -0.734100 25
-0.030950 -0.423450 -0.041990 0.000000 1.000000 0.000000 24
0.043880 -0.423450 -0.062830 0.000000 -1.000000 0.000000 24
0.056330 -0.423450 -0.080380 0.017910 0.999200 0.035660 24
-0.067950 -0.423450 -0.080500 0.000000 -1.000000 0.000000 24
0.022300 -0.423450 -0.070670 0.000000 1.000000 -0.000107 24
0.103200 -0.423450 -0.072740 0.000000 -1.000000 0.000000 24
-0.020530 -0.423450 -0.060880 0.000000 1.000000 0.000000 24
-0.035980 -0.423450 -0.065150 0.000000 1.000000 0.000000 24
0.039950 -0.423450 -0.073720 0.000000 -1.000000 0.000000 24
-0.032700 -0.423450 -0.024260 0.005807 0.999900 -0.011610 24
-0.088940 -0.423450 -0.053650 0.000000 1.000000 0.000000 24
-0.009060 -0.423450 -0.078690 0.000000 -1.000000 0.000000 24
-0.022890 -0.423450 -0.046530 0.000000 1.000000 0.000000 24
-0.013040 -0.423450 -0.072500 0.000000 -1.000000 0.000000 24
0.023270 -0.423450 -0.027430 -0.023730 0.998000 -0.059380 24
0.052640 -0.319410 0.003150 -0.994600 -0.002278 0.103400 24
0.052270 -0.331520 -0.004820 -0.995000 -0.002372 0.099930 24
0.052310 -0.237260 -0.003860 0.970800 -0.016830 -0.239200 24
-0.113450 0.308680 0.127160 -0.541100 0.389400 0.745400 25
-0.119680 0.305880 0.123830 -0.713900 0.410500 0.567200 25
0.030330 0.117990 0.014800 0.587100 -0.775400 0.232400 24
-0.040750 -0.009610 0.051450 -0.019410 -0.999000 0.040280 24
-0.079740 0.217030 -0.166100 -0.379400 -0.130600 -0.916000 25
-0.089890 0.195480 -0.158830 -0.455000 -0.133900 -0.880400 25
0.053900 0.198220 -0.174130 0.373300 -0.131000 -0.918400 25
0.034490 0.056870 0.020620 0.083530 -0.995200 0.050120 24
-0.133650 0.257650 -0.127260 -0.786300 0.129200 -0.604100 25
0.165710 0.305200 -0.047790 0.921600 0.364500 -0.133500 25
0.155390 0.315600 -0.061540 0.857200 0.385800 -0.341200 25
0.175850 0.184010 -0.033610 0.900200 -0.420300 -0.113700 25
-0.031850 0.324710 0.160590 -0.070970 0.342000 0.937000 25
0.145360 -0.388390 0.024480 -1.000000 0.000000 0.000000 24
0.145360 -0.351990 -0.009040 0.999700 0.023780 0.005905 24
0.145360 -0.405670 0.062370 -1.000000 0.000000 0.000000 24
0.145360 -0.416840 0.079500 0.998400 -0.039070 0.040060 24
0.145360 -0.341360 -0.064160 0.993600 0.111900 -0.015140 24
0.145360 -0.342080 0.028710 0.038320 0.999300 0.000000 24
0.145360 -0.398040 0.069720 -1.000000 0.000000 0.000000 24
0.145360 -0.349800 -0.025340 -0.983800 -0.179400 0.000000 24
-0.039740 0.041100 0.044650 0.715500 -0.009753 -0.698500 24
0.055710 0.322170 0.154880 0.353200 0.380500 0.854700 25
0.047680 0.318560 0.159810 0.307000 0.381400 0.872000 25
-0.051960 -0.340320 -0.151330 0.000000 -0.748200 0.663500 24
-0.023230 -0.423450 0.086150 0.000000 1.000000 0.000000 24
0.025140 -0.423450 0.037770 0.000000 -1.000000 0.000000 24
0.040300 -0.423450 0.045100 0.000000 1.000000 0.000000 24
0.059980 -0.423450 0.075960 0.000000 -1.000000 0.000000 24
-0.037380 -0.423450 0.088960 0.000000 1.000000 0.000000 24
-0.076430 -0.423450 0.083960 0.000000 1.000000 0.000000 24
-0.033260 -0.423450 0.043500 0.000000 -1.000000 0.000000 24
0.084820 -0.423450 0.074480 0.000000 -1.000000 0.000000 24
0.052020 -0.423450 0.078850 0.000000 -1.000000 0.000000 24
0.006710 -0.423450 0.040370 -0.000107 1.000000 -0.000000 24
0.013590 -0.423450 0.041530 -0.000107 1.000000 -0.000000 24
-0.005190 -0.423450 0.030670 0.071210 0.997500 0.000009 24
0.092990 -0.423450 0.066240 -0.005817 0.999900 0.011740 24
-0.028410 -0.423450 0.065000 0.000000 -1.000000 0.000000 24
0.052960 -0.423450 0.060580 0.000072 1.000000 -0.000143 24
0.069170 -0.423450 0.058880 -0.023710 0.998600 0.047410 24
0.007250 -0.423450 0.086540 0.023820 0.999300 -0.029830 24
0.050820 -0.423450 0.042390 -0.041460 0.995700 0.082920 24
-0.147590 0.181010 -0.099210 -0.732900 -0.382600 -0.562600 25
-0.125050 0.165720 -0.118190 -0.732800 -0.382800 -0.562600 25
0.032760 0.057700 0.000070 0.129200 -0.991500 0.015160 24
-0.063860 -0.423450 -0.108730 0.000000 -1.000000 0.000000 24
0.083600 0.092830 0.084250 0.418700 -0.795500 0.437900 25
0.134990 -0.423450 0.119720 0.161100 -0.977200 0.138100 24
0.108010 -0.423450 0.117820 0.000000 -1.000000 0.000000 24
-0.130230 -0.346380 0.141100 0.624700 -0.090430 -0.775600 24
-0.070020 -0.423450 -0.122010 0.000000 -1.000000 0.000000 24
-0.069620 -0.423450 0.090190 0.000000 -1.000000 0.000000 24
-0.108380 -0.423450 0.085930 0.000000 -1.000000 0.000000 24
0.128130 -0.423450 0.085740 -0.023740 0.997600 0.065460 24
0.005390 -0.423450 0.020370 -0.000030 -1.000000 -0.002931 24
0.029080 -0.423450 0.058420 0.000000 1.000000 0.000000 24
0.011850 -0.423450 0.034230 -0.000072 1.000000 0.000036 24
-0.115510 -0.423450 0.085170 0.000000 -1.000000 0.000000 24
0.039030 -0.423450 0.038290 0.000000 1.000000 0.000000 24
0.022540 -0.423450 0.079810 0.000000 -1.000000 0.000000 24
0.006270 -0.423450 0.067420 0.000000 -1.000000 0.000000 24
0.016140 -0.423450 0.063060 0.000000 -1.000000 0.000000 24
-0.043360 -0.423450 0.069450 0.000000 -1.000000 0.000000 24
0.016460 -0.423450 0.083590 0.000000 -1.000000 0.000000 24
-0.025950 0.068000 -0.026980 -0.083700 -0.995200 -0.049850 24
-0.148890 -0.369350 -0.102250 0.969100 0.006401 0.246600 24
0.136110 -0.340320 0.081250 0.000469 -1.000000 -0.000070 24
-0.108310 -0.340320 0.115140 0.000000 -1.000000 0.000000 24
0.071770 0.065080 0.003750 0.380000 -0.924400 0.033110 25
0.139640 -0.341200 0.114240 0.410700 0.894200 0.178000 24
0.046370 0.056870 -0.018310 -0.291600 -0.945600 0.144100 24
0.093120 0.308470 -0.142880 0.560400 0.380800 -0.735500 25
-0.016870 -0.318760 0.053910 0.411400 0.000806 -0.911400 24
-0.013180 -0.314100 0.054710 0.238400 0.003202 -0.971200 24
-0.017690 -0.181550 0.053730 0.317900 0.000000 -0.948100 24
0.085720 -0.423450 -0.044160 0.000000 -1.000000 0.000000 24
-0.027960 0.192550 -0.178630 -0.126500 -0.127600 -0.983700 25
-0.015310 0.192190 -0.180250 -0.127100 -0.128300 -0.983600 25
-0.003050 0.013430 -0.068510 -0.033630 0.000350 -0.999400 24
0.069040 0.096340 -0.101180 0.370600 -0.793800 -0.482200 25
-0.060380 0.098210 -0.110010 -0.368800 -0.794000 -0.483200 25
-0.049540 0.112100 -0.129170 -0.304300 -0.609000 -0.732500 25
-0.044440 0.107480 -0.127460 -0.304300 -0.609000 -0.732500 25
-0.057370 0.325990 -0.152500 -0.346200 0.508500 -0.788400 25
0.105290 -0.416340 0.150360 -0.430000 0.456800 -0.778700 24
0.105900 -0.397870 -0.141130 0.560000 0.000000 -0.828500 24
0.084660 0.349080 -0.119680 0.525700 0.582300 -0.620200 25
-0.005720 0.114480 -0.042960 -0.049760 -0.923800 -0.379600 24
-0.133270 0.288650 0.119010 -0.740600 0.343700 0.577400 25
0.094510 0.381080 0.066380 0.489300 0.794300 0.360100 25
0.007200 0.115970 -0.042840 0.058250 -0.923100 -0.380000 24
-0.163160 0.143890 -0.002650 -0.921700 -0.387500 0.018950 25
-0.091070 0.279820 0.157760 -0.559600 0.184500 0.808000 25
-0.056830 0.235590 0.178200 -0.395900 -0.073090 0.915400 25
0.032400 0.056870 -0.040420 -0.034170 -0.999200 0.022660 24
-0.099620 0.354690 0.102820 -0.514700 0.641200 0.569200 25
-0.052390 0.397180 -0.079030 -0.266500 0.870900 -0.413000 25
-0.293956 0.142538 -0.210783 -0.730382 -0.135721 -0.669420 -1
-0.061575 0.209710 0.065491 0.417163 0.421749 0.805048 -1
-0.292256 0.276652 -0.019684 -0.770349 0.604991 0.201366 -1
-0.261558 0.088373 -0.222083 -0.528566 -0.361806 -0.767929 -1
-0.252966 0.123565 -0.241752 -0.503342 -0.225885 -0.834040 -1
-0.063571 0.239086 -0.224632 0.446908 0.417233 -0.791322 -1
-0.035988 0.284060 -0.151524 0.689463 0.634809 -0.348796 -1
-0.057247 0.318369 -0.086873 0.620807 0.783457 0.028172 -1
-0.088936 0.227582 -0.245023 0.406263 0.373495 -0.833937 -1
-0.319597 0.249122 -0.042244 -0.885101 0.404995 0.229293 -1
-0.229055 0.043333 -0.209604 -0.361568 -0.567171 -0.739991 -1
-0.101649 0.185239 0.089899 0.388298 0.058149 0.919698 -1
-0.020641 0.039745 -0.106078 0.727458 -0.664031 -0.172822 -1
0.024208 0.182523 -0.112667 0.977457 -0.017171 -0.210437 -1
-0.070017 0.216955 0.067374 0.529199 0.340609 0.777132 -1
-0.211404 -0.010335 -0.129066 -0.279886 -0.928007 -0.245901 -1
-0.288480 0.167059 -0.220638 -0.728411 -0.108589 -0.676480 -1
-0.113560 0.340992 -0.112426 0.169093 0.982653 -0.076163 -1
-0.243610 0.286136 -0.196233 -0.548097 0.624901 -0.555958 -1
-0.173058 -0.020256 -0.052651 -0.035574 -0.982810 0.181160 -1
-0.314554 0.237954 -0.155743 -0.851012 0.372494 -0.370171 -1
-0.168565 0.085180 0.083461 -0.084596 -0.477023 0.874810 -1
-0.245322 0.183576 0.077817 -0.554495 0.130277 0.821927 -1
-0.202168 0.197828 0.092785 -0.223342 0.112489 0.968228 -1
-0.197069 -0.015725 -0.052097 -0.183566 -0.974875 0.126180 -1
-0.104036 0.113835 -0.254811 0.318927 -0.278781 -0.905851 -1
-0.166276 -0.009888 -0.016504 0.050781 -0.935003 0.350984 -1
-0.232105 0.010835 -0.162363 -0.401268 -0.791768 -0.460530 -1
-0.256501 0.236009 0.055364 -0.600195 0.384437 0.701408 -1
-0.022197 0.046659 -0.041276 0.740912 -0.630404 0.231603 -1
-0.237617 0.255260 0.054554 -0.375421 0.478556 0.793752 -1
-0.192858 -0.017156 -0.122369 -0.157341 -0.950889 -0.266559 -1
-0.032992 0.079534 0.022015 0.716920 -0.333512 0.612205 -1
-0.119987 0.268184 0.062852 0.345396 0.598424 0.722904 -1
-0.003968 0.259673 -0.056526 0.789424 0.605614 0.100210 -1
-0.136309 0.024240 0.037307 0.157836 -0.753886 0.637764 -1
-0.132301 0.326093 -0.169919 0.129484 0.884758 -0.447701 -1
-0.172998 0.129646 -0.266884 -0.023423 -0.170748 -0.985036 -1
-0.013222 0.250168 -0.157324 0.829471 0.410994 -0.378235 -1
0.018417 0.108220 -0.085675 0.963602 -0.256015 -0.076988 -1
-0.220962 -0.008043 -0.041920 -0.413259 -0.879030 0.237745 -1
-0.185177 -0.010399 -0.023061 -0.181388 -0.907402 0.379105 -1
-0.131226 0.050458 0.059152 0.180771 -0.581267 0.793379 -1
-0.277290 0.129498 -0.226141 -0.646094 -0.105371 -0.755949 -1
-0.322349 0.146894 -0.172169 -0.870656 -0.144331 -0.470242 -1
-0.251412 0.142266 -0.244999 -0.554869 -0.097458 -0.826209 -1
-0.132127 0.263933 -0.238608 0.185886 0.519708 -0.833876 -1
-0.205720 0.301855 -0.200095 -0.212060 0.763255 -0.610306 -1
-0.053486 0.094544 -0.220891 0.609055 -0.362235 -0.705576 -1
-0.128394 0.345426 -0.066412 0.080799 0.985559 0.148815 -1
-0.317868 0.093308 -0.018427 -0.814833 -0.444793 0.371761 -1
-0.302081 0.203709 -0.198051 -0.750636 0.143037 -0.645047 -1
-0.139177 0.284888 -0.225617 0.068671 0.748089 -0.660035 -1
-0.279530 0.048989 -0.002345 -0.646784 -0.638598 0.416969 -1
-0.168433 0.097279 0.088621 0.062264 -0.389775 0.918803 -1
-0.195312 0.337604 -0.142954 -0.310829 0.903653 -0.294612 -1
-0.057929 0.317388 -0.060555 0.626118 0.750904 0.210047 -1
-0.139633 0.000765 0.001950 -0.071597 -0.815780 0.573914 -1
-0.205049 0.294126 -0.209566 -0.193686 0.789152 -0.582860 -1
-0.313417 0.104568 -0.170958 -0.813346 -0.392880 -0.429084 -1
-0.268593 0.314801 -0.098121 -0.683305 0.729902 0.018364 -1
-0.292501 0.033385 -0.103760 -0.668851 -0.741285 -0.055980 -1
-0.038771 0.126535 0.050908 0.562204 -0.151363 0.813029 -1
-0.235183 0.311686 -0.167969 -0.366268 0.848994 -0.380863 -1
-0.333809 0.148230 -0.019366 -0.925001 -0.179176 0.335066 -1
-0.103813 0.309848 -0.186377 0.354912 0.732706 -0.580671 -1
-0.106072 0.281891 0.047023 0.349116 0.568975 0.744571 -1
-0.184086 0.268997 -0.235791 -0.169830 0.580572 -0.796300 -1
0.005083 0.087720 -0.126950 0.895663 -0.345645 -0.279851 -1
-0.288322 0.184794 -0.217487 -0.628046 0.158106 -0.761945 -1
-0.032083 0.265757 0.003886 0.656341 0.640365 0.398935 -1
-0.329256 0.238140 -0.099177 -0.893033 0.394170 -0.217076 -1
-0.256636 0.312240 -0.031520 -0.503802 0.792340 0.344067 -1
-0.017237 0.079563 0.000322 0.807891 -0.372428 0.456737 -1
-0.112435 0.122421 -0.260397 0.318265 -0.280212 -0.905643 -1
-0.145239 0.089564 0.083992 0.061876 -0.360252 0.930801 -1
-0.263376 0.270675 0.025493 -0.480946 0.634536 0.605025 -1
-0.024897 0.066528 -0.000186 0.690723 -0.599985 0.403634 -1
0.001974 0.093962 -0.144581 0.895528 -0.346193 -0.279606 -1
-0.245596 0.214362 -0.241797 -0.421382 0.214323 -0.881194 -1
-0.097064 0.042404 0.041773 0.365098 -0.694818 0.619622 -1
-0.096498 0.050133 -0.220684 0.353951 -0.514427 -0.781079 -1
-0.011995 0.242287 -0.164033 0.772310 0.476210 -0.420429 -1
-0.162917 0.192146 0.097293 0.025116 0.169892 0.985143 -1
-0.089671 0.113478 -0.249640 0.319633 -0.276471 -0.906310 -1
-0.226398 0.251954 -0.233945 -0.335868 0.500982 -0.797628 -1
-0.173680 0.069593 0.074003 -0.117609 -0.468490 0.875606 -1
-0.341923 0.195953 -0.091257 -0.990397 0.117811 -0.072344 -1
0.025507 0.170547 -0.096251 0.999377 0.015526 0.031704 -1
-0.297298 0.115039 -0.201500 -0.730452 -0.136814 -0.669120 -1
-0.010362 0.264500 -0.131051 0.827428 0.547489 -0.124978 -1
-0.228581 -0.009379 -0.096369 -0.386748 -0.920401 -0.057345 -1
-0.217658 0.147764 -0.260637 -0.349632 -0.029207 -0.936432 -1
-0.174604 0.058779 0.067651 -0.088098 -0.492586 0.865793 -1
-0.098701 0.249697 -0.238890 0.363067 0.513271 -0.777647 -1
0.023881 0.191229 -0.074699 0.994226 0.077838 0.073870 -1
-0.105402 0.211387 -0.255494 0.279828 0.293885 -0.913963 -1
-0.080630 0.315366 -0.014803 0.432182 0.785345 0.443228 -1
-0.014378 0.048476 -0.067586 0.740172 -0.660578 0.125628 -1
-0.268878 0.093436 -0.218689 -0.526942 -0.363621 -0.768187 -1
-0.219819 0.169832 0.090707 -0.219075 0.011663 0.975638 -1
-0.156440 0.349576 -0.087166 0.136610 0.990208 -0.028746 -1
-0.039451 0.229367 0.038689 0.650112 0.376971 0.659733 -1
-0.210036 0.105717 0.083144 -0.204757 -0.302037 0.931047 -1
-0.261267 0.298739 -0.009149 -0.472361 0.798511 0.373168 -1
-0.172191 0.282188 0.056608 -0.025614 0.731102 0.681788 -1
-0.042839 0.211312 0.053037 0.640316 0.329729 0.693739 -1
-0.312011 0.062968 -0.053540 -0.836989 -0.531670 0.129523 -1
-0.168731 -0.014657 -0.029975 0.029479 -0.958409 0.283871 -1
0.011191 0.123368 -0.023668 0.960271 -0.136522 0.243396 -1
-0.324034 0.073486 -0.092015 -0.877602 -0.457100 -0.144484 -1
-0.015264 0.278024 -0.071597 0.787298 0.608094 0.101898 -1
-0.091895 0.048655 -0.217330 0.353951 -0.514427 -0.781079 -1
-0.013107 0.270396 -0.124601 0.786384 0.584838 -0.198908 -1
-0.243205 -0.003140 -0.100284 -0.402093 -0.915598 -0.000940 -1
-0.224634 0.335929 -0.107713 -0.367717 0.914971 -0.166170 -1
-0.066721 0.100371 -0.235267 0.447057 -0.455262 -0.769985 -1
-0.020038 0.089827 -0.185573 0.767716 -0.466828 -0.438958 -1
-0.264307 0.189267 -0.235932 -0.597331 0.155836 -0.786709 -1
-0.145696 0.005837 0.012739 0.136484 -0.843693 0.519186 -1
-0.216260 0.274055 0.052740 -0.240888 0.569883 0.785625 -1
-0.088541 0.293690 -0.195566 0.367935 0.681270 -0.632846 -1
0.005653 0.083916 -0.120448 0.872555 -0.444524 -0.202599 -1
-0.277666 0.204013 0.053432 -0.521124 0.257712 0.813642 -1
-0.001752 0.077944 -0.036282 0.879310 -0.409033 0.243938 -1
-0.243501 0.254045 0.052190 -0.375421 0.478556 0.793752 -1
-0.301102 0.084239 -0.175640 -0.803209 -0.395868 -0.445133 -1
-0.272955 0.152295 0.062975 -0.636810 -0.168096 0.752474 -1
-0.288355 0.111415 -0.209298 -0.680777 -0.333986 -0.651917 -1
-0.023295 0.268335 -0.017716 0.667943 0.647647 0.366613 -1
-0.045010 0.017511 -0.096571 0.642030 -0.765644 -0.039831 -1
-0.187749 0.076168 0.075879 -0.146013 -0.466562 0.872353 -1
-0.186412 0.206767 0.095091 -0.107469 0.348327 0.931192 -1
-0.139369 0.345146 -0.054216 0.010856 0.968767 0.247737 -1
-0.082062 0.298748 -0.185827 0.414337 0.756859 -0.505460 -1
-0.312565 0.237063 -0.011247 -0.752268 0.462629 0.469113 -1
-0.200361 0.038077 0.046190 -0.260999 -0.601643 0.754920 -1
-0.059979 0.053684 0.026955 0.518856 -0.635297 0.572002 -1
-0.175293 0.222172 -0.260706 -0.051094 0.387410 -0.920491 -1
-0.097337 0.096413 0.077406 0.188329 -0.351980 0.916865 -1
-0.263021 0.018716 -0.137910 -0.540277 -0.799366 -0.262896 -1
-0.090479 0.003344 -0.021144 0.380021 -0.841166 0.384738 -1
-0.159062 0.096625 -0.258892 0.089688 -0.395070 -0.914262 -1
-0.011287 0.074603 -0.153418 0.793380 -0.439837 -0.420822 -1
-0.208971 -0.010512 -0.041361 -0.206655 -0.939925 0.271724 -1
0.006127 0.079997 -0.106515 0.841380 -0.527621 -0.117028 -1
-0.278165 0.248986 0.029968 -0.666874 0.500569 0.552006 -1
-0.176132 0.347982 -0.094012 -0.170922 0.985004 0.023527 -1
-0.289324 0.061932 0.002289 -0.671434 -0.612830 0.416673 -1
-0.209637 0.002737 -0.167973 -0.277977 -0.870302 -0.406576 -1
0.005645 0.243628 -0.059980 0.896131 0.392120 0.207825 -1
-0.059714 0.024268 -0.157503 0.504360 -0.783741 -0.362451 -1
-0.169808 0.341776 -0.037188 -0.077698 0.964304 0.253141 -1
-0.312467 0.171137 0.022598 -0.842014 -0.039329 0.538020 -1
-0.250203 0.263075 -0.214395 -0.439858 0.573812 -0.690844 -1
-0.154709 0.169563 -0.272164 -0.058442 0.047365 -0.997167 -1
-0.144371 0.334267 -0.158372 0.121400 0.927785 -0.352815 -1
-0.228410 -0.004010 -0.129902 -0.333626 -0.928508 -0.162995 -1
-0.027599 0.032998 -0.080590 0.699398 -0.714032 0.031628 -1
-0.155049 0.297594 -0.213068 0.036988 0.761441 -0.647178 -1
-0.033072 0.060887 -0.174732 0.643252 -0.552439 -0.530130 -1
-0.078047 0.308051 -0.166400 0.411824 0.822623 -0.392037 -1
-0.134035 0.308376 0.027201 0.225832 0.751029 0.620448 -1
-0.197382 0.327786 -0.165200 -0.085531 0.865570 -0.493430 -1
0.010812 0.091239 -0.067390 0.892275 -0.430166 0.137120 -1
-0.112627 0.026870 0.031554 0.297820 -0.731167 0.613758 -1
0.007060 0.189645 -0.008707 0.897722 0.165094 0.408460 -1
-0.231031 0.090015 0.069545 -0.352774 -0.438187 0.826766 -1
0.003162 0.204809 -0.167005 0.920658 0.149533 -0.360594 -1
-0.344277 0.152867 -0.078728 -0.997775 -0.064837 -0.015518 -1
-0.060795 0.318369 -0.113983 0.498080 0.808189 -0.314241 -1
-0.161238 0.316589 0.019252 -0.094260 0.840263 0.533923 -1
-0.050888 0.030914 -0.158391 0.606960 -0.722144 -0.331826 -1
-0.154593 0.010003 -0.190570 0.016031 -0.862479 -0.505838 -1
-0.127103 0.341228 -0.126487 0.143930 0.944886 -0.294065 -1
-0.079008 0.130721 0.078328 0.464527 -0.193930 0.864063 -1
-0.032655 0.298286 -0.087780 0.647938 0.760859 0.035641 -1
-0.090807 0.156497 -0.258321 0.390132 0.066578 -0.918349 -1
-0.208548 0.087277 0.077605 -0.229950 -0.360298 0.904051 -1
-0.202654 0.312807 0.015956 -0.284020 0.742596 0.606535 -1
0.008846 0.236039 -0.123495 0.836482 0.534793 -0.119557 -1
-0.284401 0.239647 0.029581 -0.558103 0.353581 0.750668 -1
-0.325089 0.209527 -0.159920 -0.902660 0.220513 -0.369567 -1
-0.051484 0.300356 -0.150768 0.620000 0.655623 -0.430996 -1
0.007770 0.241515 -0.107905 0.833939 0.534839 -0.135991 -1
-0.216198 0.125813 -0.258050 -0.255451 -0.270977 -0.928071 -1
-0.115661 0.031740 0.038824 0.297990 -0.731223 0.613608 -1
0.000605 0.246039 -0.131896 0.844981 0.462951 -0.267737 -1
-0.143454 0.340103 -0.027645 0.178535 0.942564 0.282310 -1
-0.318909 0.070429 -0.067530 -0.836965 -0.531855 0.128920 -1
-0.210033 0.252137 0.070815 -0.252342 0.598312 0.760490 -1
-0.267810 0.046854 -0.180942 -0.566070 -0.608822 -0.555789 -1
-0.124929 0.328187 -0.006642 0.188409 0.913377 0.360893 -1
-0.301546 0.044086 -0.096772 -0.780788 -0.614659 -0.112091 -1
-0.287667 0.097932 0.031495 -0.734034 -0.334355 0.591101 -1
-0.264691 0.205875 -0.232357 -0.597367 0.156067 -0.786636 -1
-0.285086 0.207137 -0.216617 -0.673884 0.146078 -0.724253 -1
-0.102428 0.074230 0.066979 0.330429 -0.522976 0.785692 -1
-0.249734 0.292352 -0.184629 -0.511594 0.612988 -0.602094 -1
-0.237605 0.015440 -0.005264 -0.434006 -0.789466 0.434030 -1
-0.179462 0.014724 -0.196792 -0.224198 -0.752670 -0.619051 -1
-0.078122 0.147863 0.082123 0.329141 -0.166518 0.929483 -1
-0.274390 0.018973 -0.060713 -0.663174 -0.725928 0.182290 -1
-0.004702 0.153096 -0.190707 0.772248 -0.032551 -0.634487 -1
-0.216800 0.326566 -0.018586 -0.338305 0.866421 0.367239 -1
-0.342603 0.141271 -0.110747 -0.972762 -0.114280 -0.201681 -1
-0.315604 0.115840 -0.175131 -0.859766 -0.187767 -0.474917 -1
-0.329125 0.092018 -0.052827 -0.924494 -0.372657 0.080232 -1
-0.160878 0.247255 -0.250899 -0.025307 0.405547 -0.913724 -1
0.016217 0.121507 -0.041029 0.966367 -0.122349 0.226198 -1
-0.250592 0.230139 0.063250 -0.497286 0.463094 0.733656 -1
-0.051330 0.212832 -0.227075 0.579219 0.241005 -0.778731 -1
-0.067334 0.061263 0.041305 0.436671 -0.421944 0.794532 -1
-0.292904 0.209303 0.035009 -0.732284 0.289493 0.616404 -1
-0.289040 0.224661 0.033191 -0.587405 0.338983 0.734879 -1
-0.322051 0.200503 -0.003940 -0.896854 0.127620 0.423517 -1
-0.145308 0.348319 -0.092203 0.090200 0.994542 0.052436 -1
-0.273049 0.275212 0.009162 -0.682352 0.522449 0.511315 -1
-0.232092 0.321724 -0.022358 -0.349883 0.849061 0.395825 -1
-0.184148 0.001215 -0.172847 -0.073298 -0.885777 -0.458286 -1
-0.083683 0.313517 -0.008973 0.432182 0.785345 0.443228 -1
-0.149353 0.032944 -0.217423 -0.019832 -0.684391 -0.728846 -1
-0.081286 0.142147 -0.253478 0.488168 -0.055131 -0.871006 -1
-0.157078 0.220896 0.091866 -0.088957 0.394179 0.914718 -1
-0.302141 0.076546 -0.166620 -0.812410 -0.393130 -0.430627 -1
-0.187305 0.028053 -0.210174 -0.223747 -0.752703 -0.619173 -1
-0.182699 0.085413 0.081882 -0.146013 -0.466562 0.872353 -1
-0.260960 0.317998 -0.069784 -0.531715 0.840548 0.103723 -1
-0.343363 0.138105 -0.075852 -0.997767 -0.064970 -0.015518 -1
-0.004604 0.067183 -0.121499 0.828198 -0.546181 -0.125599 -1
-0.156085 0.067113 -0.245856 0.015721 -0.431922 -0.901774 -1
-0.084574 0.004961 -0.023147 0.380021 -0.841166 0.384738 -1
-0.090145 0.334358 -0.099694 0.413888 0.908455 -0.058362 -1
-0.122948 0.047813 -0.225658 0.196246 -0.592607 -0.781220 -1
-0.249095 0.160082 -0.248651 -0.555588 -0.096884 -0.825794 -1
-0.154122 0.005749 0.014316 0.101415 -0.855053 0.508527 -1
-0.290046 0.295052 -0.089772 -0.702911 0.710742 -0.027598 -1
-0.037506 0.039154 -0.149942 0.673029 -0.678512 -0.294370 -1
-0.259136 0.181834 0.069313 -0.489941 0.143530 0.859859 -1
0.012588 0.113111 -0.134293 0.896646 -0.345053 -0.277424 -1
-0.116915 0.333603 -0.144952 0.253887 0.930203 -0.265073 -1
0.020123 0.118297 -0.094870 0.962415 -0.254539 -0.094694 -1
-0.208807 0.191996 0.091848 -0.256416 0.156770 0.953768 -1
-0.072557 0.198562 0.075938 0.574137 0.145028 0.805812 -1
-0.171045 -0.005710 -0.161411 -0.071731 -0.887441 -0.455306 -1
-0.035514 0.254785 -0.189503 0.678570 0.424104 -0.599732 -1
-0.166859 0.297892 0.041770 0.028314 0.709485 0.704151 -1
-0.337784 0.197771 -0.038986 -0.952572 0.267159 0.145712 -1
-0.313680 0.267835 -0.082489 -0.890170 0.455612 0.003799 -1
-0.331336 0.112552 -0.137286 -0.925167 -0.319905 -0.204274 -1
-0.273058 0.061603 -0.191631 -0.551444 -0.609258 -0.569837 -1
-0.207161 0.052003 0.054923 -0.261010 -0.601237 0.755240 -1
-0.092857 -0.011136 -0.083049 0.483984 -0.513190 0.708799 -1
-0.076408 0.327386 -0.111377 0.480816 0.856250 -0.188816 -1
-0.246214 0.026162 0.005634 -0.435956 -0.783889 0.442110 -1
0.024410 0.158772 -0.109505 0.977572 -0.019781 -0.209671 -1
-0.342533 0.182125 -0.058329 -0.977289 0.017577 0.211180 -1
-0.244539 0.000733 -0.054825 -0.450977 -0.861577 0.233035 -1
-0.235607 0.117030 -0.249379 -0.474738 -0.342115 -0.810914 -1
-0.024830 0.273388 -0.023403 0.667943 0.647647 0.366613 -1
-0.146575 -0.021540 -0.071789 0.108716 -0.989202 0.098287 -1
-0.302070 0.255025 -0.010516 -0.766184 0.466367 0.442112 -1
-0.162049 0.042945 0.056189 0.046560 -0.666462 0.744084 -1
-0.027526 0.097073 0.026625 0.687453 -0.408137 0.600694 -1
-0.166799 0.262916 0.072825 0.070409 0.552266 0.830690 -1
-0.264090 0.071517 -0.210460 -0.596232 -0.535552 -0.598073 -1
-0.042078 0.169351 0.058810 0.600996 0.099827 0.792993 -1
-0.131043 0.017507 -0.197434 0.103790 -0.828927 -0.549643 -1
-0.258943 0.035377 0.008732 -0.630890 -0.659291 0.409039 -1
-0.168720 0.112331 -0.263973 -0.022871 -0.171707 -0.984883 -1
-0.178141 0.343840 -0.123773 -0.001479 0.975605 -0.219528 -1
-0.233884 0.130522 -0.254035 -0.382666 -0.074883 -0.920847 -1
-0.036709 0.026952 -0.121407 0.717896 -0.647036 -0.256846 -1
-0.308649 0.144607 0.023166 -0.847392 -0.175806 0.501017 -1
-0.150199 0.119260 0.096071 -0.101021 -0.200767 0.974417 -1
-0.009392 0.178160 0.023906 0.738111 0.141656 0.659640 -1
-0.238191 0.321285 -0.027305 -0.498150 0.785131 0.367988 -1
-0.083852 0.136724 0.082151 0.515205 -0.214402 0.829816 -1
-0.207520 0.317129 0.008209 -0.226682 0.754766 0.615583 -1
-0.129675 0.335383 -0.148647 0.197365 0.932940 -0.301114 -1
-0.219523 0.031852 -0.203129 -0.223916 -0.752583 -0.619258 -1
-0.174730 0.002744 0.007849 -0.146872 -0.828041 0.541088 -1
-0.043359 0.292379 -0.150301 0.648564 0.636670 -0.417152 -1
-0.030377 0.232218 0.027573 0.664179 0.384065 0.641374 -1
-0.034953 0.095045 0.034403 0.696365 -0.427729 0.576302 -1
-0.224539 0.150105 -0.258132 -0.349632 -0.029207 -0.936432 -1
-0.342748 0.191501 -0.069045 -0.975374 0.171502 0.138683 -1
-0.308005 0.073802 -0.152980 -0.772411 -0.482755 -0.412710 -1
-0.342856 0.130709 -0.077806 -0.997701 -0.066115 -0.014909 -1
-0.147457 0.346423 -0.120846 -0.071354 0.983552 -0.165936 -1
-0.345002 0.162225 -0.071195 -0.997671 -0.039286 0.055766 -1
-0.069468 0.009140 -0.033252 0.525178 -0.799682 0.291027 -1
-0.127144 0.131045 0.095168 0.139475 -0.089484 0.986174 -1
-0.042956 0.238109 0.037079 0.688773 0.332463 0.644252 -1
-0.270576 0.016992 -0.054857 -0.614357 -0.761547 0.206427 -1
-0.074765 0.072782 -0.223267 0.411546 -0.482130 -0.773422 -1
-0.056461 0.317354 -0.080057 0.660824 0.749185 0.045101 -1
-0.165908 0.004774 0.013091 -0.141589 -0.819021 0.556020 -1
-0.024016 0.142756 -0.210821 0.729905 -0.110537 -0.674552 -1
-0.268617 0.100557 -0.223111 -0.526942 -0.363621 -0.768187 -1
-0.143784 0.317596 0.017033 0.110665 0.899730 0.422184 -1
-0.278987 0.034408 -0.023837 -0.664384 -0.665462 0.340228 -1
-0.271399 0.228264 -0.218461 -0.599659 0.399643 -0.693321 -1
-0.161494 0.244746 0.081166 -0.139758 0.448462 0.882808 -1
-0.043058 0.047956 0.001442 0.634246 -0.603267 0.483531 -1
-0.314946 0.069247 -0.046754 -0.836989 -0.531670 0.129523 -1
-0.060929 0.257431 -0.210668 0.571003 0.533227 -0.624199 -1
-0.079605 -0.002862 -0.106540 0.412440 -0.903592 -0.115824 -1
-0.325305 0.149567 -0.002823 -0.842485 -0.074695 0.533517 -1
-0.008521 0.266299 -0.111674 0.836431 0.527118 -0.150101 -1
-0.291970 0.118053 0.037525 -0.713643 -0.306814 0.629745 -1
-0.331209 0.225681 -0.050687 -0.912984 0.351679 0.206841 -1
-0.036700 0.203121 -0.218357 0.598935 0.208221 -0.773254 -1
-0.023293 0.133356 -0.209036 0.729905 -0.110537 -0.674552 -1
0.013525 0.178162 -0.154853 0.871561 0.109279 -0.477953 -1
-0.208043 0.022426 0.027193 -0.368935 -0.701169 0.610122 -1
-0.247736 0.325117 -0.064197 -0.510503 0.846826 0.149239 -1
-0.081669 0.021963 0.009277 0.570585 -0.786176 0.237404 -1
-0.122114 0.227871 -0.255298 0.248913 0.331725 -0.909946 -1
-0.093718 0.331194 -0.042367 0.329608 0.932602 0.147009 -1
-0.168696 -0.022624 -0.083808 -0.122207 -0.992149 -0.026555 -1
-0.028542 0.195016 -0.214215 0.603444 0.211017 -0.768978 -1
0.020126 0.196435 -0.121159 0.920278 0.282324 -0.270889 -1
-0.088239 0.163967 -0.256499 0.418651 0.074995 -0.905045 -1
-0.219307 0.191791 -0.259878 -0.413797 0.216077 -0.884355 -1
0.010412 0.239467 -0.083708 0.954392 0.284645 -0.090072 -1
-0.259537 0.268970 0.030525 -0.480946 0.634536 0.605025 -1
-0.129530 0.150566 0.096791 0.122281 -0.043891 0.991525 -1
-0.303776 0.246886 -0.167994 -0.769044 0.412574 -0.488215 -1
-0.162279 0.342884 -0.038820 -0.077698 0.964304 0.253141 -1
-0.043829 0.176287 0.059189 0.528753 0.027788 0.848321 -1
-0.125670 -0.019334 -0.092946 0.212008 -0.976919 -0.026118 -1
-0.153593 0.030060 0.044240 0.005384 -0.694763 0.719219 -1
-0.029891 0.200665 0.041870 0.730959 0.137022 0.668523 -1
-0.201112 0.334990 -0.029658 -0.260581 0.896728 0.357739 -1
-0.237052 0.324792 -0.138116 -0.346788 0.880539 -0.323094 -1
-0.282676 0.200992 -0.219669 -0.597878 0.155181 -0.786423 -1
-0.050964 0.092005 0.046912 0.647024 -0.331408 0.686679 -1
-0.064432 0.322561 -0.093988 0.403086 0.913747 -0.050864 -1
-0.058972 0.279670 -0.189747 0.536423 0.552604 -0.637871 -1
-0.085691 0.103590 0.074809 0.499071 -0.177642 0.848158 -1
-0.121610 0.218437 -0.258180 0.279680 0.294463 -0.913822 -1
-0.048737 0.136328 -0.231703 0.531922 -0.147157 -0.833908 -1
-0.006258 0.244808 -0.148434 0.813057 0.480899 -0.328136 -1
0.016321 0.221783 -0.080731 0.943414 0.321302 -0.082068 -1
-0.022746 0.287349 -0.106048 0.696679 0.683432 -0.218079 -1
-0.028272 0.052298 -0.015607 0.698760 -0.601565 0.387109 -1
-0.332152 0.183438 -0.150334 -0.947633 0.136508 -0.288718 -1
-0.319190 0.254415 -0.112820 -0.873282 0.435398 -0.218649 -1
0.019041 0.123439 -0.052172 0.958845 -0.183447 0.216710 -1
-0.253603 0.001908 -0.095386 -0.582250 -0.812813 -0.017900 -1
-0.098076 0.190846 -0.258790 0.419268 0.075404 -0.904726 -1
-0.033175 0.027926 -0.071147 0.701513 -0.711810 0.034728 -1
-0.299903 0.193241 0.032217 -0.812607 0.170387 0.557350 -1
-0.069409 0.117934 0.070547 0.491837 -0.152699 0.857193 -1
-0.247077 0.036825 -0.190315 -0.526953 -0.641883 -0.557052 -1
-0.333918 0.203082 -0.135249 -0.947772 0.136180 -0.288414 -1
-0.177858 0.316846 -0.188123 -0.111073 0.804085 -0.584046 -1
-0.240668 0.023927 0.007111 -0.435956 -0.783889 0.442110 -1
-0.150643 0.263151 0.070855 0.141525 0.492932 0.858480 -1
-0.224020 0.045906 0.044245 -0.312032 -0.647987 0.694801 -1
0.025625 0.158838 -0.059015 0.999363 0.035553 0.003012 -1
-0.084579 0.171601 -0.254164 0.419526 0.076646 -0.904502 -1
-0.335121 0.216855 -0.122904 -0.955731 0.263573 -0.130795 -1
-0.274959 0.288562 -0.011073 -0.598735 0.713912 0.363106 -1
-0.325816 0.175155 -0.166878 -0.869445 0.115566 -0.480323 -1
-0.152881 0.343884 -0.043522 0.033144 0.986596 0.159779 -1
-0.014308 0.243199 -0.003372 0.819790 0.371222 0.436048 -1
-0.181701 0.238568 -0.253431 -0.069759 0.377756 -0.923274 -1
-0.099704 0.112080 0.083043 0.323258 -0.254361 0.911485 -1
-0.196656 0.158859 0.096194 -0.275730 0.051168 0.959872 -1
-0.101343 0.273210 0.051340 0.312840 0.578027 0.753668 -1
-0.227641 0.333083 -0.116670 -0.349882 0.923372 -0.158007 -1
-0.337544 0.112130 -0.083507 -0.949562 -0.308057 0.058596 -1
-0.179024 -0.014001 -0.030804 -0.204126 -0.940264 0.272462 -1
-0.047417 0.292371 -0.011841 0.650731 0.688522 0.320136 -1
-0.282761 0.108185 -0.213164 -0.667718 -0.367114 -0.647596 -1
-0.125126 0.075742 -0.246543 0.131015 -0.466089 -0.874984 -1
-0.043771 0.175481 -0.231282 0.678589 0.066167 -0.731532 -1
-0.049286 0.023322 -0.138469 0.634994 -0.703698 -0.318736 -1
-0.008564 0.078359 -0.016711 0.859347 -0.386262 0.335149 -1
-0.179215 -0.020802 -0.103605 -0.120775 -0.992262 -0.028793 -1
-0.215737 0.055696 -0.225572 -0.361872 -0.565757 -0.740923 -1
-0.249692 0.049688 -0.201524 -0.551812 -0.609747 -0.568957 -1
0.024582 0.179546 -0.073595 0.989757 0.142667 0.005119 -1
-0.269763 0.191785 0.060801 -0.570643 0.121187 0.812207 -1
-0.002210 0.068462 -0.055052 0.770798 -0.601876 0.208843 -1
-0.115068 -0.013204 -0.127128 0.224664 -0.918197 -0.326253 -1
-0.299937 0.243069 0.005781 -0.778697 0.491868 0.389483 -1
-0.141325 -0.001313 -0.171007 0.133772 -0.858708 -0.494697 -1
-0.044441 0.081816 0.035310 0.631721 -0.437557 0.639900 -1
-0.067109 0.017923 -0.016375 0.514447 -0.787420 0.339577 -1
-0.236534 0.333509 -0.085997 -0.429151 0.901508 -0.055791 -1
-0.129151 0.044109 -0.224415 0.181201 -0.600855 -0.778550 -1
-0.035741 0.300560 -0.101914 0.647938 0.760859 0.035641 -1
0.013156 0.232550 -0.074576 0.930140 0.320763 0.178748 -1
-0.304383 0.066457 -0.151998 -0.740705 -0.548226 -0.388335 -1
-0.064859 0.007720 -0.126267 0.510419 -0.835883 -0.201919 -1
0.011147 0.220726 -0.131076 0.933034 0.260657 -0.248005 -1
-0.114150 0.182431 0.094662 0.307407 0.201762 0.929942 -1
-0.222016 0.095774 0.076279 -0.371781 -0.342411 0.862863 -1
-0.280821 0.288079 -0.152124 -0.692862 0.606513 -0.389980 -1
-0.332748 0.130804 -0.028870 -0.927441 -0.221056 0.301641 -1
-0.143316 0.031668 -0.216384 -0.019832 -0.684391 -0.728846 -1
-0.340538 0.125480 -0.061641 -0.949311 -0.308777 0.058876 -1
-0.021547 0.264777 -0.158158 0.746349 0.544846 -0.382239 -1
-0.047106 0.096697 0.046308 0.647024 -0.331408 0.686679 -1
-0.274579 0.292977 -0.155620 -0.692862 0.606513 -0.389980 -1
-0.149689 0.333172 -0.162179 -0.082861 0.914628 -0.395714 -1
-0.004952 0.086776 -0.016282 0.819550 -0.375387 0.432923 -1
-0.004612 0.127924 -0.181985 0.834548 -0.198883 -0.513785 -1
-0.253004 0.188227 -0.244614 -0.512331 0.185917 -0.838422 -1
-0.233579 0.273576 0.045349 -0.334059 0.469353 0.817382 -1
-0.339400 0.144732 -0.124878 -0.961373 -0.119857 -0.247781 -1
-0.324163 0.078632 -0.067840 -0.837054 -0.531882 0.128227 -1
-0.298810 0.285584 -0.097939 -0.738839 0.661896 -0.126532 -1
-0.096901 0.068765 0.061259 0.324187 -0.555702 0.765571 -1
-0.090678 0.005733 -0.154958 0.364005 -0.855258 -0.368828 -1
-0.327108 0.088499 -0.111095 -0.910010 -0.368050 -0.190841 -1
0.022734 0.197315 -0.105255 0.933169 0.356847 -0.043075 -1
-0.237399 0.217728 0.074328 -0.279618 0.315362 0.906841 -1
-0.315710 0.262705 -0.072320 -0.852235 0.506078 0.132591 -1
-0.028932 0.285701 -0.134031 0.666311 0.731271 -0.145851 -1
-0.108003 0.193838 -0.261941 0.315758 0.179256 -0.931753 -1
-0.197060 0.345029 -0.084235 -0.186322 0.982477 -0.004844 -1
-0.320715 0.226006 -0.017762 -0.914597 0.302280 0.268588 -1
-0.009630 0.244594 -0.156093 0.829471 0.410994 -0.378235 -1
-0.000009 0.115869 -0.170683 0.833575 -0.252635 -0.491251 -1
-0.206392 0.066431 -0.237563 -0.327943 -0.558647 -0.761818 -1
-0.129388 0.079569 0.078823 0.088494 -0.394780 0.914504 -1
-0.007428 0.238433 -0.012058 0.795403 0.404117 0.451690 -1
-0.197263 -0.010424 -0.032232 -0.206655 -0.939925 0.271724 -1
-0.265841 0.055370 0.021783 -0.570946 -0.535858 0.621994 -1
-0.162273 0.092599 0.086264 0.057632 -0.356785 0.932407 -1
-0.236113 0.330630 -0.109792 -0.391396 0.907708 -0.151249 -1
-0.188479 0.284909 0.051489 -0.105684 0.562458 0.820044 -1
-0.148571 0.285423 -0.225610 0.068671 0.748089 -0.660035 -1
-0.344552 0.160759 -0.094059 -0.997768 -0.064843 -0.015941 -1
-0.331279 0.104266 -0.043807 -0.928674 -0.225282 0.294639 -1
-0.046764 0.247482 0.035407 0.653871 0.409469 0.636230 -1
-0.239037 0.305680 -0.176229 -0.430859 0.802240 -0.413244 -1
-0.106328 0.134952 0.092101 0.417571 -0.053413 0.907073 -1
-0.224880 0.075006 0.065053 -0.460021 -0.384900 0.800146 -1
-0.329707 0.222744 -0.132156 -0.855590 0.418904 -0.304115 -1
-0.302877 0.205339 0.023399 -0.793316 0.213855 0.570014 -1
-0.131788 0.125874 -0.266640 0.228043 -0.151584 -0.961779 -1
-0.259726 0.014453 -0.131711 -0.540277 -0.799366 -0.262896 -1
-0.269537 0.309606 -0.049703 -0.581313 0.810256 0.074559 -1
-0.130553 -0.010308 -0.145335 0.220151 -0.916896 -0.332920 -1
-0.133278 0.344238 -0.049841 0.029910 0.978037 0.206276 -1
-0.115279 0.333005 -0.027195 0.273713 0.911966 0.305613 -1
-0.085517 0.324193 -0.140153 0.469636 0.856018 -0.216045 -1
-0.283082 0.279411 -0.161081 -0.662262 0.601340 -0.446988 -1
-0.297542 0.263733 -0.159457 -0.705135 0.585318 -0.400234 -1
-0.211738 0.240516 0.076435 -0.343056 0.285930 0.894738 -1
-0.342916 0.186284 -0.100281 -0.991336 0.130234 -0.017090 -1
-0.052532 0.193034 0.063122 0.520201 0.142809 0.842019 -1
-0.177684 0.342724 -0.129705 -0.092541 0.972084 -0.215612 -1
-0.200396 0.121598 0.091223 -0.291218 -0.288571 0.912096 -1
-0.275667 0.026717 -0.136251 -0.579588 -0.764140 -0.283137 -1
-0.203870 0.240216 -0.249432 -0.241177 0.313004 -0.918620 -1
-0.264553 0.312518 -0.043801 -0.504920 0.838497 0.204889 -1
-0.271908 0.021084 -0.044062 -0.667442 -0.719765 0.190944 -1
-0.007417 0.244056 -0.017221 0.861860 0.346354 0.370456 -1
-0.232474 0.036367 -0.202600 -0.286923 -0.707345 -0.646018 -1
-0.340014 0.193103 -0.118107 -0.973679 0.207798 -0.093645 -1
-0.253223 0.064555 -0.213990 -0.468524 -0.598394 -0.649931 -1
-0.079891 -0.001376 -0.053649 0.443360 -0.884583 0.144724 -1
-0.257029 0.004614 -0.105429 -0.595033 -0.792290 -0.134955 -1
-0.313537 0.212058 -0.178772 -0.862709 0.146757 -0.483937 -1
0.016739 0.192371 -0.134556 0.920278 0.282324 -0.270889 -1
-0.150802 0.338475 -0.149072 -0.071497 0.953860 -0.291615 -1
-0.100242 0.240605 -0.244510 0.432762 0.407917 -0.803941 -1
-0.096617 0.093560 -0.246005 0.321077 -0.272695 -0.906944 -1
-0.145969 0.254933 -0.245674 0.118651 0.492679 -0.862084 -1
-0.099085 0.028534 0.026962 0.158266 -0.472431 0.867041 -1
-0.102928 0.219456 -0.252138 0.279800 0.294277 -0.913845 -1
0.013842 0.193444 -0.142727 0.928057 0.219527 -0.300861 -1
-0.071070 0.013054 -0.149101 0.504986 -0.782698 -0.363831 -1
-0.165868 0.242716 -0.252543 -0.050931 0.388820 -0.919905 -1
-0.300152 0.162613 0.035235 -0.691468 0.019969 0.722131 -1
-0.301300 0.269246 -0.141795 -0.715949 0.612266 -0.335481 -1
0.016919 0.153648 -0.027713 0.946895 -0.140566 0.289190 -1
-0.056445 0.281301 0.012530 0.550636 0.590815 0.589693 -1
-0.166861 0.258793 -0.245696 -0.026361 0.430326 -0.902288 -1
-0.247255 0.019641 -0.007274 -0.434179 -0.789293 0.434171 -1
-0.146113 0.228198 0.089792 0.073409 0.419268 0.904890 -1
-0.114649 0.242147 0.076914 0.157426 0.467821 0.869690 -1
-0.083991 0.005484 -0.147785 0.364007 -0.855202 -0.368955 -1
0.177013 -0.329061 0.140186 0.390337 -0.918916 0.056829 -1
0.160466 -0.277248 0.038494 0.812950 0.372946 0.447239 -1
0.130587 -0.424764 0.197532 0.289840 0.181227 0.939761 -1
0.062262 -0.382228 0.068660 -0.390337 0.918916 -0.056829 -1
0.236551 -0.385749 0.160233 0.281778 0.151785 0.947398 -1
0.037937 -0.004164 -0.050382 0.341675 0.690976 -0.637032 -1
0.225843 -0.416470 -0.145794 0.416707 -0.874702 -0.247491 -1
0.091957 -0.365494 0.135295 -0.401149 0.915375 -0.034181 -1
0.277095 -0.391776 -0.098526 0.894442 0.171027 -0.413186 -1
0.308051 -0.371512 0.016521 0.688046 -0.722753 -0.064969 -1
0.208691 -0.314722 0.154467 0.192257 0.347573 0.917731 -1
0.043154 -0.260457 0.008583 -0.906440 -0.394374 -0.151115 -1
0.016202 -0.448287 0.042561 0.849434 0.418440 -0.321511 -1
0.257187 -0.306777 -0.050165 -0.389959 0.919069 -0.056966 -1
0.044015 -0.243087 -0.017889 -0.760399 -0.356588 -0.542806 -1
0.015510 -0.470440 -0.075100 -0.765267 -0.358086 -0.534922 -1
0.062436 -0.261222 0.050834 -0.657079 -0.234815 0.716316 -1
0.056261 -0.478962 0.008516 -0.390337 0.918916 -0.056829 -1
0.107559 -0.371574 -0.070190 -0.390337 0.918916 -0.056829 -1
0.036561 -0.244721 0.007077 0.921156 0.387217 0.039163 -1
0.137712 -0.243799 -0.023822 -0.705992 -0.259129 0.659112 -1
0.266366 -0.315279 0.137674 0.455155 0.246247 0.855685 -1
-0.044368 0.002687 0.015287 0.285918 -0.949799 0.127017 -1
0.091703 -0.314667 -0.029331 -0.401941 -0.225617 -0.887435 -1
0.026462 -0.158084 0.050432 0.530648 0.174109 -0.829517 -1
0.011968 -0.487960 -0.051992 -0.891379 -0.399303 -0.214477 -1
0.186266 -0.416039 0.133013 -0.390337 0.918916 -0.056829 -1
0.249707 -0.394013 0.053423 -0.397728 0.917493 -0.004339 -1
0.194229 -0.393300 -0.151930 -0.002946 0.086141 0.996279 -1
0.285530 -0.344202 -0.031587 -0.879466 -0.353896 0.318272 -1
0.110501 -0.356588 -0.027394 0.607295 0.180883 0.773611 -1
0.122962 -0.267123 -0.037824 -0.326678 -0.080529 0.941699 -1
0.046051 -0.483193 0.010226 0.390337 -0.918916 0.056829 -1
-0.050681 -0.001255 0.015484 0.285918 -0.949799 0.127017 -1
-0.046378 -0.045550 0.048344 -0.680459 -0.246416 0.690112 -1
0.039531 -0.201128 -0.033770 0.502349 0.264302 0.823280 -1
0.075724 -0.071224 -0.016290 -0.872746 -0.349657 0.340667 -1
0.058095 -0.465812 -0.103786 -0.272544 -0.174289 -0.946226 -1
0.288767 -0.300381 0.113838 0.734132 0.378746 0.563561 -1
-0.059617 0.057981 -0.040805 0.135905 -0.962398 -0.235202 -1
0.028158 -0.492082 -0.077821 0.523042 0.651019 0.550092 -1
0.098372 -0.466805 -0.084147 -0.390337 0.918916 -0.056829 -1
0.058042 -0.153685 -0.048192 -0.043740 -0.080164 -0.995822 -1
0.085552 -0.088640 -0.007839 0.905900 0.364105 -0.216272 -1
-0.058742 -0.024314 -0.021151 -0.895615 -0.393298 -0.207823 -1
0.062354 -0.388252 -0.029371 0.390337 -0.918916 0.056829 -1
0.129179 -0.352318 0.092684 -0.390337 0.918916 -0.056829 -1
-0.035492 -0.065093 0.048745 0.359445 -0.928893 0.089200 -1
0.261624 -0.374131 0.150877 -0.391776 0.158530 -0.906300 -1
0.064587 -0.392685 -0.116390 0.431570 -0.874921 0.219684 -1
0.223855 -0.322093 -0.068873 0.390337 -0.918916 0.056829 -1
0.265463 -0.295015 0.083183 -0.390337 0.918916 -0.056829 -1
0.009928 -0.441304 0.032989 0.879466 0.353896 -0.318272 -1
0.079670 -0.097605 0.034182 0.705331 0.338141 0.623032 -1
0.130095 -0.366050 0.187245 -0.272354 -0.174212 -0.946295 -1
0.013334 -0.090720 0.053180 0.286292 0.062483 -0.956103 -1
0.061629 -0.379168 0.122500 0.390337 -0.918916 0.056829 -1
0.044737 -0.394434 -0.008326 0.390337 -0.918916 0.056829 -1
0.089009 -0.320740 0.055506 -0.708793 -0.260540 0.655539 -1
0.039475 -0.405636 -0.109505 -0.308358 -0.086685 -0.947313 -1
0.182425 -0.325612 0.158790 -0.389606 0.919373 -0.054410 -1
0.020222 -0.408667 -0.070086 -0.390337 0.918916 -0.056829 -1
-0.028349 -0.082652 -0.019063 -0.805777 -0.448607 -0.386621 -1
0.166220 -0.339026 -0.027589 -0.415890 -0.356259 0.836728 -1
0.024229 -0.068079 -0.053068 0.025314 -0.050643 -0.998396 -1
0.036453 -0.394781 0.042955 0.390337 -0.918916 0.056829 -1
0.326499 -0.358957 0.072062 0.557569 -0.829974 0.016122 -1
0.106036 -0.195857 0.053590 -0.556081 -0.284508 -0.780915 -1
0.200077 -0.342717 -0.151069 -0.039227 -0.341897 0.938919 -1
0.217551 -0.392353 -0.148989 0.266854 0.053847 -0.962232 -1
0.084165 -0.372617 0.073637 0.390337 -0.918916 0.056829 -1
0.048933 -0.430856 0.152388 -0.868012 -0.346733 0.355431 -1
0.132712 -0.401957 0.193102 0.299861 0.185249 0.935824 -1
0.018798 -0.041606 -0.071596 -0.131844 0.090292 0.987150 -1
0.146290 -0.240562 0.033295 0.827421 0.377201 0.416045 -1
0.164855 -0.345572 -0.043290 0.390337 -0.918916 0.056829 -1
0.321632 -0.348420 0.085821 -0.946467 -0.300319 -0.118361 -1
-0.013317 0.080233 0.000994 0.475597 -0.876252 0.077402 -1
0.126364 -0.197384 0.033913 0.810294 0.372190 0.452657 -1
0.147077 -0.444512 -0.058213 -0.380374 0.924546 -0.023039 -1
0.193802 -0.335958 -0.086648 -0.390337 0.918916 -0.056829 -1
0.252527 -0.299158 0.105042 0.390337 -0.918916 0.056829 -1
-0.017340 -0.057079 0.053648 0.299159 -0.908473 0.291858 -1
0.168374 -0.433700 -0.029664 -0.390337 0.918916 -0.056829 -1
-0.029922 -0.079589 0.018044 0.868836 0.347263 -0.352892 -1
0.046744 -0.234045 0.045359 -0.747206 -0.280127 0.602670 -1
0.190101 -0.324412 0.125471 -0.390337 0.918916 -0.056829 -1
0.026245 -0.422265 0.099247 0.845404 0.408874 -0.343677 -1
0.214968 -0.413246 -0.018963 0.390337 -0.918916 0.056829 -1
0.204049 -0.331911 -0.091599 -0.390337 0.918916 -0.056829 -1
0.154607 -0.337551 0.156810 -0.390337 0.918916 -0.056829 -1
-0.009292 -0.002122 0.053103 0.038599 0.070348 0.996775 -1
-0.003796 -0.418943 -0.071279 0.716504 -0.649547 0.254383 -1
0.048728 -0.435300 -0.106707 -0.272544 -0.174289 -0.946226 -1
0.103596 -0.461690 -0.037316 0.390337 -0.918916 0.056829 -1
0.056285 0.007619 0.014112 0.134431 -0.990893 -0.007698 -1
0.103186 -0.376406 -0.118280 0.389661 -0.919300 0.055247 -1
0.271272 -0.361426 0.145761 0.288937 0.213049 0.933341 -1
0.025895 -0.134498 -0.045558 0.250416 0.165364 0.953911 -1
0.307967 -0.321643 0.056250 0.906573 0.372886 -0.197690 -1
0.260452 -0.296538 0.092969 0.390337 -0.918916 0.056829 -1
0.011199 0.045710 0.004996 0.475597 -0.876252 0.077402 -1
0.166378 -0.335503 0.109073 -0.401922 0.912391 -0.077465 -1
0.050804 -0.445061 0.141763 -0.879466 -0.353896 0.318272 -1
0.234302 -0.305054 0.134875 0.391396 -0.918231 0.060516 -1
-0.058118 0.011380 -0.004685 0.296592 -0.952499 0.069133 -1
0.181897 -0.340481 0.167629 0.334316 0.199020 0.921208 -1
0.099764 -0.158389 0.044397 0.725274 0.344767 0.595914 -1
0.061997 -0.027165 -0.007589 -0.549542 0.832976 -0.064457 -1
-0.027640 -0.068269 0.030024 0.243303 0.836076 -0.491712 -1
0.198648 -0.323263 0.085327 0.390337 -0.918916 0.056829 -1
-0.066317 -0.050087 -0.007368 0.891331 -0.403075 0.207510 -1
0.292293 -0.370902 0.134619 -0.561592 0.785057 -0.261340 -1
0.070278 -0.244478 0.059200 -0.392466 -0.110241 0.913136 -1
0.008219 -0.483668 -0.043598 -0.902733 -0.394127 -0.172446 -1
0.092502 -0.252202 -0.041685 0.025526 -0.050900 -0.998378 -1
0.087762 -0.367820 0.126490 0.390337 -0.918916 0.056829 -1
0.169555 -0.359514 -0.153543 -0.065955 -0.089311 -0.993818 -1
0.099653 -0.373082 -0.040268 -0.390126 0.919029 -0.056455 -1
0.019091 -0.158257 0.044766 0.603409 0.208719 -0.769633 -1
-0.061823 -0.006843 0.001670 0.904625 -0.391156 -0.169264 -1
0.073805 -0.383043 -0.023798 0.390337 -0.918916 0.056829 -1
0.101387 -0.457855 0.039862 -0.380374 0.924546 -0.023039 -1
0.097449 -0.323440 0.061215 -0.425603 -0.125365 0.896184 -1
0.065577 -0.016105 0.032639 0.790931 0.395575 0.466850 -1
0.021205 -0.411754 -0.102475 -0.530594 -0.006292 -0.847603 -1
0.194516 -0.338217 -0.128094 -0.390337 0.918916 -0.056829 -1
0.132860 -0.250222 0.054505 -0.525553 -0.273062 -0.805749 -1
0.009476 0.042825 0.010820 0.475597 -0.876252 0.077402 -1
-0.004352 0.081304 0.020957 0.634768 -0.688284 0.351190 -1
0.300159 -0.350738 0.001568 -0.879466 -0.353896 0.318272 -1
0.161067 -0.353262 -0.141609 -0.390396 0.918879 -0.057032 -1
-0.048275 -0.000734 0.039772 0.967903 -0.108473 -0.226710 -1
0.139937 -0.358559 -0.082127 0.390337 -0.918916 0.056829 -1
0.046338 -0.470507 0.101129 -0.869959 -0.375594 0.319531 -1
-0.034555 0.006812 0.035174 0.104757 -0.658239 -0.745484 -1
0.005503 -0.453132 0.007612 -0.879466 -0.353896 0.318272 -1
0.082790 -0.419844 0.192397 -0.396754 -0.112219 0.911040 -1
-0.002526 -0.148428 -0.009789 0.891501 0.392663 0.225924 -1
0.064950 -0.003128 0.021015 -0.870573 -0.375727 -0.317697 -1
-0.048021 -0.064583 0.038350 -0.788662 -0.327431 0.520386 -1
0.053258 -0.031723 -0.055403 0.690250 0.255865 -0.676823 -1
0.083247 -0.334439 -0.012754 -0.760392 -0.356604 -0.542805 -1
0.271797 -0.389800 -0.030188 -0.341825 0.939267 -0.030567 -1
0.003351 -0.166652 0.002526 0.918264 0.393035 0.048105 -1
0.015376 -0.404833 0.025193 0.390337 -0.918916 0.056829 -1
-0.019710 0.002947 0.052135 -0.064672 0.020908 0.997688 -1
-0.016210 -0.005874 -0.059983 0.024624 0.048173 0.998536 -1
0.324099 -0.360639 0.082098 0.566173 -0.815320 0.121251 -1
-0.028420 -0.091872 -0.002086 0.914504 0.394126 0.091366 -1
0.251373 -0.394149 0.039780 0.390337 -0.918916 0.056829 -1
-0.012809 -0.026739 -0.066874 -0.519426 0.593839 -0.614452 -1
0.151690 -0.333520 0.067643 0.127015 0.537020 0.833952 -1
0.242919 -0.322218 -0.116153 -0.751475 -0.363662 0.550486 -1
0.099641 -0.242762 -0.042064 -0.081544 0.007736 0.996640 -1
0.137239 -0.361553 -0.112016 0.390337 -0.918916 0.056829 -1
0.056050 -0.086110 0.048998 -0.380407 -0.217183 -0.898956 -1
0.071124 -0.137297 -0.044438 0.430214 0.127478 -0.893681 -1
0.092390 -0.368048 0.091014 0.390337 -0.918916 0.056829 -1
0.108388 -0.271237 -0.040850 0.025528 -0.050905 -0.998377 -1
0.229120 -0.412465 -0.103535 -0.380346 0.924560 -0.022924 -1
0.145397 -0.448565 -0.112199 -0.390337 0.918916 -0.056829 -1
0.246887 -0.314060 -0.097186 -0.296985 0.948898 -0.106736 -1
-0.013377 0.080894 0.012090 0.634768 -0.688284 0.351190 -1
0.080006 -0.469572 -0.002741 -0.390337 0.918916 -0.056829 -1
0.185253 -0.320296 0.019091 -0.920664 -0.389827 0.020344 -1
0.242567 -0.309937 -0.000854 0.390337 -0.918916 0.056829 -1
0.116824 -0.385476 0.194451 -0.222318 -0.153975 -0.962739 -1
0.072938 -0.019273 -0.019008 0.890082 0.335187 -0.308876 -1
0.214324 -0.408281 0.065747 -0.390337 0.918916 -0.056829 -1
0.309707 -0.331110 0.049777 0.878774 0.367505 -0.304463 -1
0.034524 -0.447318 0.094269 -0.879466 -0.353896 0.318272 -1
0.061935 -0.072736 0.040604 0.620822 0.308289 0.720790 -1
-0.060360 0.041956 -0.039659 -0.202027 -0.924127 -0.324305 -1
0.091051 -0.099686 -0.000403 0.920518 0.388576 -0.040678 -1
0.004788 -0.110659 -0.041779 0.592639 0.298038 0.748300 -1
0.080569 -0.382596 0.194591 0.259326 0.050759 -0.964455 -1
0.095205 -0.275657 0.065164 0.212578 0.029960 -0.976685 -1
0.022390 -0.207046 -0.006274 -0.881796 -0.390898 -0.263885 -1
-0.020519 -0.106769 -0.010579 -0.881799 -0.390890 -0.263885 -1
0.007732 -0.009786 0.066173 0.113278 -0.729562 -0.674469 -1
0.086027 -0.465890 0.015444 -0.390337 0.918916 -0.056829 -1
0.237010 -0.396134 0.106343 0.390337 -0.918916 0.056829 -1
0.164192 -0.426481 0.115799 -0.390337 0.918916 -0.056829 -1
0.085395 -0.258749 -0.040135 0.177959 0.135866 0.974613 -1
0.182860 -0.369374 -0.153443 0.001315 0.036483 0.999333 -1
0.053875 -0.394164 0.179791 -0.620892 -0.217011 0.753259 -1
0.208931 -0.327344 -0.051290 -0.390337 0.918916 -0.056829 -1
-0.040649 0.069436 0.014134 0.352835 -0.918143 0.180338 -1
0.251360 -0.306428 0.141367 0.243207 0.162363 0.956289 -1
0.166612 -0.331735 0.168389 -0.085862 -0.539758 -0.837430 -1
0.192811 -0.425712 -0.068348 0.390337 -0.918916 0.056829 -1
-0.031030 -0.052930 -0.060443 0.393729 0.235465 0.888557 -1
0.071233 -0.250676 0.058873 -0.425603 -0.125365 0.896184 -1
0.016124 -0.041079 0.071252 0.420491 -0.711724 0.562705 -1
0.051003 -0.276586 0.020823 0.916442 0.381893 -0.119552 -1
-0.059784 -0.005442 0.025797 0.576147 -0.016695 -0.817176 -1
0.114139 -0.450958 0.063793 0.390337 -0.918916 0.056829 -1
0.034341 0.033611 -0.004711 0.047601 -0.997389 0.054312 -1
0.251199 -0.404550 -0.127198 0.390337 -0.918916 0.056829 -1
0.090943 -0.376064 -0.028662 -0.393066 0.915397 -0.086877 -1
0.090401 -0.117411 0.032795 0.758438 0.355934 0.545971 -1
0.142833 -0.378721 -0.144207 0.319817 0.127312 0.938887 -1
0.210080 -0.408362 0.093582 0.390337 -0.918916 0.056829 -1
0.158392 -0.355621 -0.152410 -0.202476 -0.000312 -0.979287 -1
0.017941 -0.097066 0.053889 0.209788 0.028673 -0.977326 -1
0.141761 -0.344122 0.138796 0.390337 -0.918916 0.056829 -1
0.012706 -0.404306 0.052051 -0.379143 0.925328 -0.004301 -1
0.139178 -0.249772 0.049370 0.669301 0.344276 0.658415 -1
-0.064513 -0.043967 0.009702 -0.904394 0.415060 0.098983 -1
0.094331 -0.364943 0.195284 -0.018927 -0.365501 -0.930619 -1
0.059404 -0.472856 0.085670 -0.390809 0.918726 -0.056658 -1
0.294655 -0.283849 0.078707 0.060638 0.998074 -0.013090 -1
0.203014 -0.406495 0.172309 0.464319 -0.536525 0.704662 -1
0.079411 -0.342132 0.004287 0.898656 0.393694 0.193447 -1
0.255048 -0.309273 -0.075847 0.821669 0.489781 -0.291505 -1
-0.021135 -0.065485 -0.056203 0.029744 -0.853939 -0.519523 -1
0.008735 0.076365 -0.006089 0.882323 -0.464282 0.077128 -1
0.170940 -0.294036 0.032589 0.838419 0.386631 0.384149 -1
0.183065 -0.316675 0.011731 0.918886 0.383949 -0.090728 -1
0.301516 -0.359452 -0.004372 -0.879466 -0.353896 0.318272 -1
0.096617 -0.190502 -0.039909 -0.367156 -0.098762 0.924901 -1
0.152404 -0.271713 -0.018474 -0.745433 -0.279212 0.605285 -1
0.214491 -0.317436 0.070733 0.390337 -0.918916 0.056829 -1
0.042528 0.011597 -0.023093 -0.864458 -0.344572 0.366036 -1
0.072499 -0.474424 -0.029636 -0.390337 0.918916 -0.056829 -1
0.091440 -0.369104 0.080460 0.390337 -0.918916 0.056829 -1
0.254939 -0.389446 0.091339 0.390337 -0.918916 0.056829 -1
0.260565 -0.321397 -0.075214 -0.879466 -0.353896 0.318272 -1
0.109202 -0.452061 0.079873 0.390337 -0.918916 0.056829 -1
0.004568 0.027860 -0.032577 0.468046 -0.882790 -0.040181 -1
0.023696 -0.471025 0.037985 0.919375 0.283240 -0.272991 -1
0.039247 -0.420691 0.136925 0.879466 0.353896 -0.318272 -1
0.188415 -0.397425 0.176236 -0.309307 -0.083293 -0.947308 -1
0.134182 -0.447018 -0.010164 -0.390337 0.918916 -0.056829 -1
0.036125 -0.084102 0.054331 0.083373 0.096752 0.991810 -1
-0.051593 -0.075003 -0.000921 -0.874197 -0.484910 0.025330 -1
0.201200 -0.328150 -0.011211 0.390337 -0.918916 0.056829 -1
0.169875 -0.345850 -0.082262 0.390337 -0.918916 0.056829 -1
0.047287 -0.439914 0.137769 0.892853 0.320910 -0.315958 -1
0.122278 -0.355897 0.082204 0.390337 -0.918916 0.056829 -1
0.092821 -0.278881 -0.038513 -0.183268 -0.138042 -0.973323 -1
0.094365 -0.467254 -0.063890 0.390337 -0.918916 0.056829 -1
0.187895 -0.427455 -0.062756 0.390337 -0.918916 0.056829 -1
0.196714 -0.414786 0.081524 0.390337 -0.918916 0.056829 -1
0.297381 -0.296668 0.093069 -0.863744 -0.386369 -0.323521 -1
0.094307 -0.294353 -0.035839 0.334926 0.199224 0.920942 -1
0.035017 -0.041564 -0.055105 -0.455234 0.881035 0.128602 -1
0.069500 -0.476042 -0.035196 0.390337 -0.918916 0.056829 -1
0.258120 -0.391319 0.039198 -0.381447 0.922017 -0.066207 -1
0.025977 -0.162754 -0.037949 -0.474160 -0.253556 -0.843138 -1
0.098765 -0.251276 -0.042263 0.025526 -0.050900 -0.998378 -1
0.079493 -0.474705 -0.082226 0.390337 -0.918916 0.056829 -1
0.071183 -0.465538 0.123087 -0.390781 0.918745 -0.056556 -1
0.079604 -0.400698 0.193224 -0.404003 -0.115588 0.907425 -1
0.096777 -0.440896 -0.119505 0.234226 0.230221 0.944530 -1
0.032258 -0.397291 0.031183 -0.390337 0.918916 -0.056829 -1
0.018945 -0.172895 0.039239 -0.710333 -0.262175 0.653216 -1
0.258927 -0.393010 0.006307 0.390337 -0.918916 0.056829 -1
0.087864 -0.379797 -0.067869 0.390337 -0.918916 0.056829 -1
-0.011086 -0.101318 -0.032462 0.662947 0.323375 0.675226 -1
0.066151 -0.294393 0.041119 0.795584 0.305597 -0.523122 -1
-0.063837 -0.052437 0.013085 -0.904394 0.415060 0.098983 -1
0.029647 -0.405492 -0.083496 -0.390337 0.918916 -0.056829 -1
0.163570 -0.373314 0.178948 -0.272354 -0.174212 -0.946295 -1
0.126619 -0.361304 -0.035043 -0.454378 0.337665 -0.824332 -1
0.062167 -0.124174 0.054900 -0.316809 -0.192017 -0.928850 -1
0.088244 -0.417559 -0.121346 0.272354 0.174212 0.946295 -1
0.063998 -0.376943 0.142206 -0.380291 0.924587 -0.022765 -1
-0.035625 -0.066837 0.021460 -0.306520 0.947107 -0.095050 -1
0.002443 -0.453238 -0.067226 0.783850 0.364072 0.503022 -1
-0.083905 0.049603 -0.009436 0.007668 -0.996813 0.079404 -1
0.302305 -0.346985 0.124058 0.656887 0.277581 0.701034 -1
0.089277 -0.233269 0.064371 -0.051433 -0.083393 -0.995189 -1
0.153941 -0.428485 0.153802 -0.390337 0.918916 -0.056829 -1
0.121624 -0.272095 0.065179 0.261846 0.170067 0.950007 -1
0.064590 -0.376157 0.150841 0.390337 -0.918916 0.056829 -1
0.207533 -0.347983 0.161632 0.272302 0.174076 0.946335 -1
-0.049761 -0.029379 0.027065 0.794190 0.277388 -0.540664 -1
0.209268 -0.358346 0.163040 -0.272354 -0.174212 -0.946295 -1
0.097893 -0.466621 -0.077882 -0.390337 0.918916 -0.056829 -1
0.066651 -0.379436 0.190311 0.373466 0.002862 -0.927640 -1
-0.007801 0.082100 -0.006697 0.882323 -0.464282 0.077128 -1
0.062363 -0.116434 0.053239 -0.380407 -0.217183 -0.898956 -1
0.217988 -0.327913 -0.122692 -0.374567 0.925091 -0.062504 -1
0.033558 0.032057 -0.024468 0.914636 0.218840 -0.339926 -1
0.015078 -0.127954 0.049557 -0.495976 -0.157875 0.853864 -1
0.019934 -0.408200 0.097449 0.914422 0.259183 -0.310896 -1
-0.001948 -0.083050 -0.046720 0.413813 0.230249 0.880763 -1
0.136045 -0.208866 0.023360 -0.880980 -0.390724 -0.266849 -1
0.010104 -0.095472 0.051317 -0.332197 -0.097610 0.938146 -1
0.122702 -0.421100 0.198324 -0.122018 -0.112834 -0.986093 -1
0.045428 -0.399498 -0.094964 0.390337 -0.918916 0.056829 -1
0.077361 -0.126328 -0.039608 -0.549496 -0.183000 0.815208 -1
-0.061442 -0.024660 -0.005558 0.964812 0.261365 -0.028757 -1
0.135454 -0.216678 0.033242 0.833579 0.378944 0.401930 -1
0.263719 -0.316435 -0.060983 -0.881359 -0.349411 0.317991 -1
0.075805 -0.281567 0.055698 0.636176 0.224586 -0.738134 -1
0.064663 -0.028049 -0.042835 0.827887 -0.486045 -0.279934 -1
0.051696 -0.388891 0.033500 0.390337 -0.918916 0.056829 -1
0.011366 -0.484801 -0.011748 0.886203 0.354082 -0.298783 -1
-0.008320 -0.419202 -0.044387 0.454375 -0.886188 0.090634 -1
0.048131 -0.446645 -0.104446 -0.272544 -0.174289 -0.946226 -1
0.008558 -0.409811 -0.008482 -0.390337 0.918916 -0.056829 -1
-0.046386 -0.060928 -0.044184 0.778894 0.332219 0.531934 -1
0.221225 -0.400215 0.148771 0.390337 -0.918916 0.056829 -1
0.007949 -0.421119 -0.091769 -0.645214 0.666459 -0.373539 -1
0.102290 -0.465425 -0.088752 -0.390337 0.918916 -0.056829 -1
0.056300 -0.381733 0.184667 -0.483905 -0.147280 0.862639 -1
0.200486 -0.422818 -0.074271 -0.364563 0.930735 -0.028739 -1
0.048217 -0.483586 -0.010995 -0.399809 0.912107 -0.090626 -1
-0.003127 -0.452674 -0.053806 0.898651 0.412801 0.148399 -1
0.196101 -0.416705 0.054694 -0.390431 0.918879 -0.056795 -1
0.170553 -0.404978 0.182768 -0.391776 0.158530 -0.906300 -1
0.200077 -0.335013 -0.114476 -0.390337 0.918916 -0.056829 -1
0.186909 -0.411772 0.179311 0.468886 -0.529315 0.707087 -1
0.110979 -0.294060 -0.039149 -0.047061 -0.082122 -0.995511 -1
0.047798 -0.030626 -0.058747 0.492349 0.127665 -0.860984 -1
0.067427 -0.186109 0.061301 0.113799 -0.013097 -0.993418 -1
0.218970 -0.318329 0.025531 -0.394183 0.918527 -0.030466 -1
0.187534 -0.428893 -0.083543 -0.390337 0.918916 -0.056829 -1
0.199577 -0.411406 0.116504 -0.390337 0.918916 -0.056829 -1
0.093652 -0.366189 0.112405 0.390337 -0.918916 0.056829 -1
0.100685 -0.374606 -0.072008 -0.390337 0.918916 -0.056829 -1
0.021945 -0.430391 0.078330 -0.879466 -0.353896 0.318272 -1
0.188477 -0.339199 -0.102483 -0.390337 0.918916 -0.056829 -1
0.228887 -0.405152 0.016311 0.390337 -0.918916 0.056829 -1
0.094592 -0.218099 -0.042699 0.160058 0.006945 -0.987083 -1
-0.014364 0.013974 0.052054 0.061654 -0.033462 0.997537 -1
0.021145 0.025844 -0.039661 0.151900 -0.947041 0.282913 -1
0.255978 -0.337483 -0.103923 -0.850456 -0.337237 0.403727 -1
0.045742 -0.422718 -0.108164 0.272260 0.174175 0.946329 -1
0.144967 -0.230331 -0.002468 0.901948 0.347833 -0.255932 -1
0.197085 -0.356987 0.166296 -0.272354 -0.174212 -0.946295 -1
0.284464 -0.301494 0.012955 -0.881359 -0.349411 0.317991 -1
0.238671 -0.318235 -0.108256 0.637161 0.575775 -0.512356 -1
0.107278 -0.358989 0.059404 -0.738830 0.018819 0.673629 -1
0.214398 -0.406869 0.088070 0.390337 -0.918916 0.056829 -1
0.048459 -0.486463 -0.059178 0.390337 -0.918916 0.056829 -1
-0.001533 -0.413450 0.002004 0.386623 -0.920401 0.058171 -1
-0.002771 -0.014453 0.062848 -0.401958 0.906713 0.127678 -1
0.103548 -0.444036 -0.120876 0.234226 0.230221 0.944530 -1
0.173397 -0.338070 0.169631 -0.085862 -0.539758 -0.837430 -1
0.141624 -0.445995 -0.044736 0.390337 -0.918916 0.056829 -1
0.202160 -0.422745 -0.084584 0.390337 -0.918916 0.056829 -1
0.270988 -0.382568 -0.108461 0.814135 0.307922 -0.492310 -1
0.021026 -0.086633 0.054472 0.113799 -0.013097 -0.993418 -1
0.135937 -0.436501 -0.131585 -0.272354 -0.174212 -0.946295 -1
0.002831 0.063143 -0.033806 0.632284 -0.755116 -0.173252 -1
0.178872 -0.419330 0.130601 -0.405983 0.912449 -0.051135 -1
0.195209 -0.331266 -0.020453 -0.390591 0.918821 -0.056625 -1
0.061465 -0.378617 0.132528 -0.380374 0.924546 -0.023039 -1
0.011080 -0.479244 -0.060337 0.843856 0.338774 0.416101 -1
0.076498 -0.265299 0.059363 0.353270 0.092490 -0.930938 -1
0.263272 -0.299435 0.026749 -0.390374 0.918916 -0.056591 -1
0.175240 -0.436849 -0.127743 0.390337 -0.918916 0.056829 -1
0.188280 -0.419095 -0.149136 -0.133897 -0.143085 -0.980611 -1
-0.017718 -0.115444 0.008505 0.916251 0.381681 -0.121670 -1
0.211119 -0.320194 0.049301 -0.381447 0.922014 -0.066241 -1
-0.039980 -0.030694 0.055804 -0.561724 0.058153 0.825279 -1
0.048888 -0.384951 0.116495 0.390337 -0.918916 0.056829 -1
0.073792 -0.059982 0.008246 -0.909143 -0.394454 -0.133659 -1
0.109916 -0.357595 0.139662 0.390337 -0.918916 0.056829 -1
0.159771 -0.335049 0.161795 -0.390337 0.918916 -0.056829 -1
-0.050791 0.066189 0.031293 0.181789 -0.785183 0.591980 -1
0.040480 -0.468065 -0.096652 -0.453829 -0.246918 -0.856196 -1
-0.002034 0.060053 -0.039784 0.663547 -0.630725 -0.402358 -1
0.026892 -0.037842 0.060900 -0.440650 0.859948 -0.257522 -1
0.123810 -0.187827 0.030194 0.842641 0.357040 0.403085 -1
0.037018 -0.233820 0.030987 0.908218 0.345651 -0.235938 -1
0.020231 -0.194203 -0.014643 0.866096 0.387434 0.315869 -1
0.085063 -0.462692 0.073772 0.390337 -0.918916 0.056829 -1
0.032329 -0.035707 0.058065 -0.379753 0.878001 -0.291380 -1
0.063821 -0.385024 0.012739 -0.390337 0.918916 -0.056829 -1
0.247567 -0.325741 0.146015 -0.272354 -0.174212 -0.946295 -1
-0.008102 0.047147 0.027944 0.488632 -0.870424 -0.060013 -1
-0.010983 0.011217 -0.055503 0.187168 -0.219882 -0.957403 -1
0.132322 -0.360882 -0.067387 -0.380374 0.924546 -0.023039 -1
-0.012184 -0.068661 0.044395 0.470159 0.146316 -0.870369 -1
0.225873 -0.317169 -0.003120 -0.380538 0.924485 -0.022749 -1
0.217248 -0.326030 -0.087171 0.390337 -0.918916 0.056829 -1
0.222075 -0.314693 0.063005 -0.359459 0.933089 -0.011609 -1
0.272104 -0.382115 0.091970 -0.390366 0.918898 -0.056930 -1
0.021084 -0.047509 -0.055538 -0.428114 0.900083 0.081046 -1
0.080511 -0.452095 0.184893 -0.564245 -0.277625 0.777530 -1
0.066059 -0.441145 0.174916 -0.696182 -0.254206 0.671350 -1
0.021300 0.028422 0.000960 0.475597 -0.876252 0.077402 -1
-0.026390 0.074028 -0.009541 0.500494 -0.861195 0.088595 -1
0.054075 -0.269400 -0.013943 -0.830650 -0.378122 -0.408711 -1
0.012731 0.000115 0.049396 0.370532 0.370687 0.851644 -1
0.319749 -0.357384 0.048311 0.904250 0.324418 -0.277643 -1
-0.046109 0.001280 -0.022070 0.301288 -0.952852 0.036024 -1
0.174125 -0.295480 0.010941 0.919442 0.385887 -0.075614 -1
0.187372 -0.328886 0.028749 0.059965 -0.998173 0.007469 -1
0.204207 -0.412052 0.074257 0.390337 -0.918916 0.056829 -1
0.102198 -0.176701 -0.033869 0.626704 0.219949 -0.747572 -1
0.005224 -0.023254 0.070094 0.006000 -0.299790 -0.953986 -1
0.230251 -0.408084 -0.040459 0.390337 -0.918916 0.056829 -1
0.065084 -0.078881 0.040492 -0.680257 -0.329475 -0.654750 -1
-0.004043 -0.456624 -0.037133 -0.920625 -0.390212 0.013554 -1
0.189734 -0.419342 0.055786 -0.390431 0.918879 -0.056795 -1
0.238060 -0.400430 0.029657 -0.390337 0.918916 -0.056829 -1
0.038992 -0.395575 0.012676 -0.390337 0.918916 -0.056829 -1
0.110813 -0.369545 -0.059728 0.390337 -0.918916 0.056829 -1
0.181940 -0.415159 0.176958 0.468886 -0.529315 0.707087 -1
0.176627 -0.425243 0.050395 -0.326720 0.941785 -0.079339 -1
0.115301 -0.452095 0.037429 -0.380374 0.924546 -0.023039 -1
0.112396 -0.188125 0.046236 0.694714 0.334481 0.636785 -1
0.186006 -0.353257 0.168798 0.338457 0.174973 0.924571 -1
0.027507 -0.212789 0.028310 0.848446 0.321483 -0.420462 -1
0.251672 -0.318041 -0.096056 0.851118 0.385218 -0.356659 -1
0.010157 -0.404261 0.070286 -0.784278 0.609951 0.113432 -1
0.009716 -0.045273 0.058715 -0.385639 0.921156 -0.052488 -1
0.207378 -0.317162 0.124025 -0.374568 0.925090 -0.062506 -1
0.280078 -0.360369 -0.064630 0.879424 0.353995 -0.318278 -1
-0.012787 -0.420673 -0.037504 0.823548 -0.567207 -0.006745 -1
-0.009297 0.017061 -0.040167 0.413149 -0.907960 -0.070113 -1
0.161334 -0.423270 0.187351 0.327192 0.036111 0.944268 -1
0.248426 -0.306455 0.015216 -0.368242 0.924149 -0.101720 -1
0.193195 -0.405463 -0.151095 0.085052 0.078089 0.993312 -1
0.130346 -0.350182 0.119209 0.390337 -0.918916 0.056829 -1
0.246887 -0.390078 -0.135966 -0.554670 -0.185449 0.811141 -1
0.215764 -0.364234 -0.147639 0.363563 0.097137 -0.926491 -1
0.269536 -0.296259 0.035088 -0.368197 0.924154 -0.101839 -1
0.152405 -0.312209 0.062775 -0.439447 -0.240197 -0.865558 -1
-0.013124 -0.432652 -0.023884 -0.910311 -0.375847 0.173419 -1
0.107632 -0.323243 -0.034408 -0.260986 -0.169633 -0.950322 -1
0.270321 -0.313217 -0.039159 0.871528 0.376671 -0.313940 -1
0.011595 0.021225 -0.048753 0.146425 -0.926754 0.345958 -1
0.022026 -0.131264 0.052129 -0.349707 -0.090883 0.932441 -1
0.047537 -0.386515 0.100497 -0.430904 0.898920 -0.079146 -1
0.063053 -0.375697 0.168847 0.390337 -0.918916 0.056829 -1
-0.039703 -0.014599 -0.049924 -0.525323 -0.272754 -0.806003 -1
0.189224 -0.336874 -0.070029 -0.414744 0.908983 -0.041683 -1
0.116446 -0.445339 0.138815 -0.402894 0.915005 -0.021036 -1
0.231470 -0.314553 0.000738 -0.380538 0.924485 -0.022749 -1
0.017698 -0.073361 0.054033 0.113799 -0.013097 -0.993418 -1
0.052556 -0.269211 0.034383 0.869255 0.347496 -0.351627 -1
-0.032903 -0.077702 -0.012101 0.897121 0.406816 0.172262 -1
0.092717 -0.332181 -0.024042 -0.681932 -0.330040 -0.652719 -1
0.307216 -0.326787 0.102811 -0.827841 -0.377344 -0.415079 -1
0.159666 -0.350747 -0.091315 -0.390337 0.918916 -0.056829 -1
0.059710 -0.386156 0.022679 0.390337 -0.918916 0.056829 -1
0.271543 -0.345389 -0.071557 0.905054 0.287489 -0.313411 -1
0.104269 -0.129867 0.004826 0.920669 0.389751 -0.021511 -1
0.029087 -0.081143 -0.052378 0.025526 -0.050900 -0.998378 -1
0.053047 -0.280680 0.001998 0.892413 0.392810 0.222035 -1
-0.008751 0.059705 -0.044687 0.663547 -0.630725 -0.402358 -1
0.148099 -0.234765 0.005151 0.914357 0.379702 -0.140634 -1
-0.074945 0.036615 -0.013005 -0.058281 -0.997763 0.032760 -1
0.151403 -0.242536 0.005673 -0.914684 -0.380058 0.137514 -1
0.043564 -0.389696 0.076335 0.390337 -0.918916 0.056829 -1
0.218005 -0.408693 0.033801 -0.392305 0.918802 -0.043592 -1
0.145048 -0.439380 0.038721 0.390337 -0.918916 0.056829 -1
0.256820 -0.296096 0.125054 -0.399755 0.912133 -0.090605 -1
0.275493 -0.389558 -0.051660 0.390337 -0.918916 0.056829 -1
0.132715 -0.357406 -0.034820 0.419555 -0.850790 0.316432 -1
0.302757 -0.371568 0.051977 -0.370505 0.919482 -0.131447 -1
0.110766 -0.373907 -0.129936 0.409468 -0.903458 0.126881 -1
0.064082 -0.413970 0.182360 -0.549765 -0.183119 0.815000 -1
0.115300 -0.353701 0.165654 -0.390337 0.918916 -0.056829 -1
0.170110 -0.389599 -0.149707 -0.100479 -0.103870 -0.989502 -1
0.175107 -0.316677 -0.011076 0.782572 0.285586 -0.553193 -1
0.190980 -0.338891 -0.114705 0.390337 -0.918916 0.056829 -1
0.142368 -0.279696 -0.030231 0.593349 0.203788 -0.778722 -1
0.090052 -0.371034 0.017609 0.923921 -0.326412 0.199564 -1
0.002918 -0.418004 -0.088664 -0.663091 0.694451 -0.279372 -1
0.164111 -0.432508 0.018887 -0.177813 0.983642 -0.028840 -1
0.105428 -0.358070 0.162800 0.390337 -0.918916 0.056829 -1
0.005211 -0.106223 0.047804 0.470595 0.146085 -0.870172 -1
0.071090 -0.056548 0.015471 -0.833829 -0.379014 -0.401346 -1
0.320038 -0.343336 0.073402 0.929637 0.366643 -0.036729 -1
-0.011750 -0.428724 -0.012924 -0.965215 -0.123923 0.230223 -1
-0.056375 -0.041986 -0.014183 0.675166 -0.720827 0.156716 -1
0.263933 -0.385892 0.087028 0.390337 -0.918916 0.056829 -1
0.012996 0.047003 -0.005630 0.475597 -0.876252 0.077402 -1
0.183029 -0.427120 -0.023923 -0.390308 0.918935 -0.056727 -1
